-- phpMyAdmin SQL Dump
-- version 4.7.4
-- https://www.phpmyadmin.net/
--
-- Servidor: 127.0.0.1
-- Tiempo de generación: 31-03-2019 a las 09:17:42
-- Versión del servidor: 10.1.28-MariaDB
-- Versión de PHP: 7.1.11

SET SQL_MODE = "NO_AUTO_VALUE_ON_ZERO";
SET AUTOCOMMIT = 0;
START TRANSACTION;
SET time_zone = "+00:00";


/*!40101 SET @OLD_CHARACTER_SET_CLIENT=@@CHARACTER_SET_CLIENT */;
/*!40101 SET @OLD_CHARACTER_SET_RESULTS=@@CHARACTER_SET_RESULTS */;
/*!40101 SET @OLD_COLLATION_CONNECTION=@@COLLATION_CONNECTION */;
/*!40101 SET NAMES utf8mb4 */;

--
-- Base de datos: `bd_proyecto_nuevo`
--

-- --------------------------------------------------------

--
-- Estructura de tabla para la tabla `bovedas`
--

CREATE TABLE `bovedas` (
  `id` int(11) NOT NULL,
  `numeracion` int(11) DEFAULT NULL COMMENT 'numero de boveda',
  `fk_idpanteon` int(11) DEFAULT NULL,
  `estado` int(11) DEFAULT '1'
) ENGINE=InnoDB DEFAULT CHARSET=utf8 ROW_FORMAT=COMPACT;

--
-- Volcado de datos para la tabla `bovedas`
--

INSERT INTO `bovedas` (`id`, `numeracion`, `fk_idpanteon`, `estado`) VALUES
(2, 2112, 5, 1),
(4, 1, 5, 0),
(5, 2, 5, 0),
(6, 3, 5, 0),
(7, 4, 5, 1),
(8, 5, 5, 1);

-- --------------------------------------------------------

--
-- Estructura de tabla para la tabla `cementerios`
--

CREATE TABLE `cementerios` (
  `id` int(11) NOT NULL,
  `fk_idparroquia` int(11) DEFAULT NULL,
  `nombre` varchar(50) DEFAULT NULL COMMENT 'nombre cementerio',
  `direccion` varchar(20) DEFAULT NULL COMMENT 'direccion del cementerio',
  `telefono1` varchar(20) DEFAULT NULL COMMENT 'telefono contacto cementerio',
  `telefono2` varchar(20) DEFAULT NULL,
  `email` varchar(40) DEFAULT NULL
) ENGINE=InnoDB DEFAULT CHARSET=utf8 ROW_FORMAT=COMPACT;

--
-- Volcado de datos para la tabla `cementerios`
--

INSERT INTO `cementerios` (`id`, `fk_idparroquia`, `nombre`, `direccion`, `telefono1`, `telefono2`, `email`) VALUES
(1, 6, 'Católico del Municipio De Floridablanca', 'cra 13', '6550127', '', 'rdhernandez60@misena.edu.co');

-- --------------------------------------------------------

--
-- Estructura de tabla para la tabla `ci_sessions`
--

CREATE TABLE `ci_sessions` (
  `id` varchar(128) NOT NULL,
  `ip_address` varchar(45) NOT NULL,
  `timestamp` int(10) UNSIGNED NOT NULL DEFAULT '0',
  `data` blob NOT NULL
) ENGINE=InnoDB DEFAULT CHARSET=utf8;

--
-- Volcado de datos para la tabla `ci_sessions`
--

INSERT INTO `ci_sessions` (`id`, `ip_address`, `timestamp`, `data`) VALUES
('0ttnr5s72j8n352q8qu21d0jsr86o4u5', '172.16.4.61', 1553779321, 0x5f5f63695f6c6173745f726567656e65726174657c693a313535333737393036393b555345525f4c4f474745447c623a313b5549447c733a313a2233223b555345525f524f4c7c733a313a2231223b555345525f524f4c5f4e414d457c733a31333a2241646d696e6973747261646f72223b555345525f4e414d457c733a323a223132223b555345525f4150454c4c49444f537c733a323a223132223b555345525f4c4f47494e7c733a383a2261646d696e323731223b555345525f454d41494c7c733a32353a2272646865726e616e64657a3033303340676d61696c2e636f6d223b555345525f444f43554d454e544f7c733a343a2231323530223b),
('021caq1unneqhu52h3q1cl8cp3mflgro', '172.16.4.61', 1553779621, 0x5f5f63695f6c6173745f726567656e65726174657c693a313535333737393337353b555345525f4c4f474745447c623a313b5549447c733a313a2233223b555345525f524f4c7c733a313a2231223b555345525f524f4c5f4e414d457c733a31333a2241646d696e6973747261646f72223b555345525f4e414d457c733a323a223132223b555345525f4150454c4c49444f537c733a323a223132223b555345525f4c4f47494e7c733a383a2261646d696e323731223b555345525f454d41494c7c733a32353a2272646865726e616e64657a3033303340676d61696c2e636f6d223b555345525f444f43554d454e544f7c733a343a2231323530223b),
('dmu07dgeiqdg3ige4djps1ggh2b85pic', '172.16.4.61', 1553779982, 0x5f5f63695f6c6173745f726567656e65726174657c693a313535333737393730393b555345525f4c4f474745447c623a313b5549447c733a313a2233223b555345525f524f4c7c733a313a2231223b555345525f524f4c5f4e414d457c733a31333a2241646d696e6973747261646f72223b555345525f4e414d457c733a323a223132223b555345525f4150454c4c49444f537c733a323a223132223b555345525f4c4f47494e7c733a383a2261646d696e323731223b555345525f454d41494c7c733a32353a2272646865726e616e64657a3033303340676d61696c2e636f6d223b555345525f444f43554d454e544f7c733a343a2231323530223b),
('gtaff1cnq8nh7gbsmi4c3508c1atmo5i', '172.16.4.61', 1553780252, 0x5f5f63695f6c6173745f726567656e65726174657c693a313535333738303130383b555345525f4c4f474745447c623a313b5549447c733a313a2233223b555345525f524f4c7c733a313a2231223b555345525f524f4c5f4e414d457c733a31333a2241646d696e6973747261646f72223b555345525f4e414d457c733a323a223132223b555345525f4150454c4c49444f537c733a323a223132223b555345525f4c4f47494e7c733a383a2261646d696e323731223b555345525f454d41494c7c733a32353a2272646865726e616e64657a3033303340676d61696c2e636f6d223b555345525f444f43554d454e544f7c733a343a2231323530223b),
('de41oc28qhdq0n1doh28ont2klceauf6', '172.16.4.61', 1553780800, 0x5f5f63695f6c6173745f726567656e65726174657c693a313535333738303538373b555345525f4c4f474745447c623a313b5549447c733a313a2233223b555345525f524f4c7c733a313a2231223b555345525f524f4c5f4e414d457c733a31333a2241646d696e6973747261646f72223b555345525f4e414d457c733a323a223132223b555345525f4150454c4c49444f537c733a323a223132223b555345525f4c4f47494e7c733a383a2261646d696e323731223b555345525f454d41494c7c733a32353a2272646865726e616e64657a3033303340676d61696c2e636f6d223b555345525f444f43554d454e544f7c733a343a2231323530223b),
('aa8uot7ecshl1s929rhkdq5uvg5kc7ho', '172.16.4.61', 1553781404, 0x5f5f63695f6c6173745f726567656e65726174657c693a313535333738313034343b555345525f4c4f474745447c623a313b5549447c733a313a2233223b555345525f524f4c7c733a313a2231223b555345525f524f4c5f4e414d457c733a31333a2241646d696e6973747261646f72223b555345525f4e414d457c733a323a223132223b555345525f4150454c4c49444f537c733a323a223132223b555345525f4c4f47494e7c733a383a2261646d696e323731223b555345525f454d41494c7c733a32353a2272646865726e616e64657a3033303340676d61696c2e636f6d223b555345525f444f43554d454e544f7c733a343a2231323530223b),
('4g1fcrvm4famgntscbpth06msjenj3l9', '172.16.4.61', 1553782085, 0x5f5f63695f6c6173745f726567656e65726174657c693a313535333738313634323b555345525f4c4f474745447c623a313b5549447c733a313a2233223b555345525f524f4c7c733a313a2231223b555345525f524f4c5f4e414d457c733a31333a2241646d696e6973747261646f72223b555345525f4e414d457c733a323a223132223b555345525f4150454c4c49444f537c733a323a223132223b555345525f4c4f47494e7c733a383a2261646d696e323731223b555345525f454d41494c7c733a32353a2272646865726e616e64657a3033303340676d61696c2e636f6d223b555345525f444f43554d454e544f7c733a343a2231323530223b),
('tlvd5vlll2u0a4vhhgclucsrukuptkfr', '172.16.4.61', 1553782559, 0x5f5f63695f6c6173745f726567656e65726174657c693a313535333738323233313b555345525f4c4f474745447c623a313b5549447c733a313a2233223b555345525f524f4c7c733a313a2231223b555345525f524f4c5f4e414d457c733a31333a2241646d696e6973747261646f72223b555345525f4e414d457c733a323a223132223b555345525f4150454c4c49444f537c733a323a223132223b555345525f4c4f47494e7c733a383a2261646d696e323731223b555345525f454d41494c7c733a32353a2272646865726e616e64657a3033303340676d61696c2e636f6d223b555345525f444f43554d454e544f7c733a343a2231323530223b),
('q2a1gtoggvoa53l63gqovgr4lolvmvm0', '172.16.4.61', 1553782874, 0x5f5f63695f6c6173745f726567656e65726174657c693a313535333738323538343b555345525f4c4f474745447c623a313b5549447c733a313a2233223b555345525f524f4c7c733a313a2231223b555345525f524f4c5f4e414d457c733a31333a2241646d696e6973747261646f72223b555345525f4e414d457c733a323a223132223b555345525f4150454c4c49444f537c733a323a223132223b555345525f4c4f47494e7c733a383a2261646d696e323731223b555345525f454d41494c7c733a32353a2272646865726e616e64657a3033303340676d61696c2e636f6d223b555345525f444f43554d454e544f7c733a343a2231323530223b),
('uddghdcqdqm0r002oc0rht4egekhg8u5', '172.16.4.61', 1553783267, 0x5f5f63695f6c6173745f726567656e65726174657c693a313535333738323839353b555345525f4c4f474745447c623a313b5549447c733a313a2233223b555345525f524f4c7c733a313a2231223b555345525f524f4c5f4e414d457c733a31333a2241646d696e6973747261646f72223b555345525f4e414d457c733a323a223132223b555345525f4150454c4c49444f537c733a323a223132223b555345525f4c4f47494e7c733a383a2261646d696e323731223b555345525f454d41494c7c733a32353a2272646865726e616e64657a3033303340676d61696c2e636f6d223b555345525f444f43554d454e544f7c733a343a2231323530223b),
('g4s0p7gefbr3sfgihl6aluffabt5o0jo', '172.16.4.61', 1553783861, 0x5f5f63695f6c6173745f726567656e65726174657c693a313535333738333238393b555345525f4c4f474745447c623a313b5549447c733a313a2233223b555345525f524f4c7c733a313a2231223b555345525f524f4c5f4e414d457c733a31333a2241646d696e6973747261646f72223b555345525f4e414d457c733a323a223132223b555345525f4150454c4c49444f537c733a323a223132223b555345525f4c4f47494e7c733a383a2261646d696e323731223b555345525f454d41494c7c733a32353a2272646865726e616e64657a3033303340676d61696c2e636f6d223b555345525f444f43554d454e544f7c733a343a2231323530223b),
('9a4nccjgd3eh94fvajlovee3lpi3q47b', '172.16.4.61', 1553783975, 0x5f5f63695f6c6173745f726567656e65726174657c693a313535333738333836373b555345525f4c4f474745447c623a313b5549447c733a313a2233223b555345525f524f4c7c733a313a2231223b555345525f524f4c5f4e414d457c733a31333a2241646d696e6973747261646f72223b555345525f4e414d457c733a323a223132223b555345525f4150454c4c49444f537c733a323a223132223b555345525f4c4f47494e7c733a383a2261646d696e323731223b555345525f454d41494c7c733a32353a2272646865726e616e64657a3033303340676d61696c2e636f6d223b555345525f444f43554d454e544f7c733a343a2231323530223b),
('4u26b9s9as2bekonbt8i4un49bvs8n4r', '172.16.4.61', 1553791750, 0x5f5f63695f6c6173745f726567656e65726174657c693a313535333738383831393b),
('v1t27kp6m2478p03id1au67u813rmdim', '172.16.4.61', 1553791751, 0x5f5f63695f6c6173745f726567656e65726174657c693a313535333739313735313b),
('ilfoljkdeliv6m3siim7e8umnhbsi4l4', '172.16.4.61', 1553804227, 0x5f5f63695f6c6173745f726567656e65726174657c693a313535333830333834353b555345525f4c4f474745447c623a313b5549447c733a313a2233223b555345525f524f4c7c733a313a2231223b555345525f524f4c5f4e414d457c733a31333a2241646d696e6973747261646f72223b555345525f4e414d457c733a323a223132223b555345525f4150454c4c49444f537c733a323a223132223b555345525f4c4f47494e7c733a383a2261646d696e323731223b555345525f454d41494c7c733a32353a2272646865726e616e64657a3033303340676d61696c2e636f6d223b555345525f444f43554d454e544f7c733a343a2231323530223b),
('pacqreq1tr5fp2sqrs4e8paj1q37769m', '172.16.4.61', 1553805250, 0x5f5f63695f6c6173745f726567656e65726174657c693a313535333830343333383b555345525f4c4f474745447c623a313b5549447c733a313a2233223b555345525f524f4c7c733a313a2231223b555345525f524f4c5f4e414d457c733a31333a2241646d696e6973747261646f72223b555345525f4e414d457c733a323a223132223b555345525f4150454c4c49444f537c733a323a223132223b555345525f4c4f47494e7c733a383a2261646d696e323731223b555345525f454d41494c7c733a32353a2272646865726e616e64657a3033303340676d61696c2e636f6d223b555345525f444f43554d454e544f7c733a343a2231323530223b),
('596ua2t1afjmd2ln1akqact46g4dcrsk', '172.16.4.61', 1553805820, 0x5f5f63695f6c6173745f726567656e65726174657c693a313535333830353235313b555345525f4c4f474745447c623a313b5549447c733a313a2233223b555345525f524f4c7c733a313a2231223b555345525f524f4c5f4e414d457c733a31333a2241646d696e6973747261646f72223b555345525f4e414d457c733a323a223132223b555345525f4150454c4c49444f537c733a323a223132223b555345525f4c4f47494e7c733a383a2261646d696e323731223b555345525f454d41494c7c733a32353a2272646865726e616e64657a3033303340676d61696c2e636f6d223b555345525f444f43554d454e544f7c733a343a2231323530223b),
('0q1uamque0sm08omtasjrjf1ds3hrfte', '172.16.4.61', 1553806062, 0x5f5f63695f6c6173745f726567656e65726174657c693a313535333830353834343b555345525f4c4f474745447c623a313b5549447c733a313a2233223b555345525f524f4c7c733a313a2231223b555345525f524f4c5f4e414d457c733a31333a2241646d696e6973747261646f72223b555345525f4e414d457c733a323a223132223b555345525f4150454c4c49444f537c733a323a223132223b555345525f4c4f47494e7c733a383a2261646d696e323731223b555345525f454d41494c7c733a32353a2272646865726e616e64657a3033303340676d61696c2e636f6d223b555345525f444f43554d454e544f7c733a343a2231323530223b),
('ktfu71b8hqka3031v8c0u5kh5nia2fq6', '172.16.4.61', 1553806980, 0x5f5f63695f6c6173745f726567656e65726174657c693a313535333830363733363b555345525f4c4f474745447c623a313b5549447c733a313a2233223b555345525f524f4c7c733a313a2231223b555345525f524f4c5f4e414d457c733a31333a2241646d696e6973747261646f72223b555345525f4e414d457c733a323a223132223b555345525f4150454c4c49444f537c733a323a223132223b555345525f4c4f47494e7c733a383a2261646d696e323731223b555345525f454d41494c7c733a32353a2272646865726e616e64657a3033303340676d61696c2e636f6d223b555345525f444f43554d454e544f7c733a343a2231323530223b),
('4qchv1bdmlt3h6mh6alak2t3fjf0ajsd', '172.16.4.61', 1553807342, 0x5f5f63695f6c6173745f726567656e65726174657c693a313535333830373135393b555345525f4c4f474745447c623a313b5549447c733a313a2233223b555345525f524f4c7c733a313a2231223b555345525f524f4c5f4e414d457c733a31333a2241646d696e6973747261646f72223b555345525f4e414d457c733a323a223132223b555345525f4150454c4c49444f537c733a323a223132223b555345525f4c4f47494e7c733a383a2261646d696e323731223b555345525f454d41494c7c733a32353a2272646865726e616e64657a3033303340676d61696c2e636f6d223b555345525f444f43554d454e544f7c733a343a2231323530223b),
('feu38htdofguntcem9ajft7k3ol4e9ki', '172.16.4.61', 1553809816, 0x5f5f63695f6c6173745f726567656e65726174657c693a313535333830393831353b555345525f4c4f474745447c623a313b5549447c733a313a2233223b555345525f524f4c7c733a313a2231223b555345525f524f4c5f4e414d457c733a31333a2241646d696e6973747261646f72223b555345525f4e414d457c733a323a223132223b555345525f4150454c4c49444f537c733a323a223132223b555345525f4c4f47494e7c733a383a2261646d696e323731223b555345525f454d41494c7c733a32353a2272646865726e616e64657a3033303340676d61696c2e636f6d223b555345525f444f43554d454e544f7c733a343a2231323530223b),
('jaub6hbcjdut6euu8e4ebru79sj83u9q', '172.16.4.61', 1553813478, ''),
('ts9hmavvj8063m658o07a0ak4li9b1qa', '172.16.4.61', 1553867524, 0x5f5f63695f6c6173745f726567656e65726174657c693a313535333836373238323b555345525f4c4f474745447c623a313b5549447c733a313a2232223b555345525f524f4c7c733a313a2231223b555345525f524f4c5f4e414d457c733a31333a2241646d696e6973747261646f72223b555345525f4e414d457c733a323a223132223b555345525f4150454c4c49444f537c733a323a223132223b555345525f4c4f47494e7c733a373a2261646d696e3237223b555345525f454d41494c7c733a32363a2272646865726e616e64657a3033303240676d61696c2e636f6d31223b555345525f444f43554d454e544f7c733a363a22313233313233223b),
('ia8kpe83ovid2gutraon73uums9e5sgc', '172.16.4.61', 1553886960, 0x5f5f63695f6c6173745f726567656e65726174657c693a313535333838363731373b555345525f4c4f474745447c623a313b5549447c733a313a2232223b555345525f524f4c7c733a313a2231223b555345525f524f4c5f4e414d457c733a31333a2241646d696e6973747261646f72223b555345525f4e414d457c733a323a223132223b555345525f4150454c4c49444f537c733a323a223132223b555345525f4c4f47494e7c733a373a2261646d696e3237223b555345525f454d41494c7c733a32363a2272646865726e616e64657a3033303240676d61696c2e636f6d31223b555345525f444f43554d454e544f7c733a363a22313233313233223b),
('i8e42qvme2kp0m5bcfsk8imqii7l1m53', '172.16.4.61', 1553887891, 0x5f5f63695f6c6173745f726567656e65726174657c693a313535333838373835323b555345525f4c4f474745447c623a313b5549447c733a313a2232223b555345525f524f4c7c733a313a2231223b555345525f524f4c5f4e414d457c733a31333a2241646d696e6973747261646f72223b555345525f4e414d457c733a323a223132223b555345525f4150454c4c49444f537c733a323a223132223b555345525f4c4f47494e7c733a373a2261646d696e3237223b555345525f454d41494c7c733a32363a2272646865726e616e64657a3033303240676d61696c2e636f6d31223b555345525f444f43554d454e544f7c733a363a22313233313233223b),
('47om33kkuseqaqflgea3ha9b9tvhpanh', '172.16.4.61', 1553891222, 0x5f5f63695f6c6173745f726567656e65726174657c693a313535333838383331363b555345525f4c4f474745447c623a313b5549447c733a313a2232223b555345525f524f4c7c733a313a2231223b555345525f524f4c5f4e414d457c733a31333a2241646d696e6973747261646f72223b555345525f4e414d457c733a323a223132223b555345525f4150454c4c49444f537c733a323a223132223b555345525f4c4f47494e7c733a373a2261646d696e3237223b555345525f454d41494c7c733a32363a2272646865726e616e64657a3033303240676d61696c2e636f6d31223b555345525f444f43554d454e544f7c733a363a22313233313233223b),
('5emdo10dvrlirqriu916nq5fdf4calet', '172.16.4.61', 1553892294, 0x5f5f63695f6c6173745f726567656e65726174657c693a313535333839313238323b555345525f4c4f474745447c623a313b5549447c733a313a2232223b555345525f524f4c7c733a313a2231223b555345525f524f4c5f4e414d457c733a31333a2241646d696e6973747261646f72223b555345525f4e414d457c733a323a223132223b555345525f4150454c4c49444f537c733a323a223132223b555345525f4c4f47494e7c733a373a2261646d696e3237223b555345525f454d41494c7c733a32363a2272646865726e616e64657a3033303240676d61696c2e636f6d31223b555345525f444f43554d454e544f7c733a363a22313233313233223b),
('8itadrjk71tate1jaoqbqm4840rqbc23', '172.16.4.61', 1553893252, 0x5f5f63695f6c6173745f726567656e65726174657c693a313535333839323335353b555345525f4c4f474745447c623a313b5549447c733a313a2232223b555345525f524f4c7c733a313a2231223b555345525f524f4c5f4e414d457c733a31333a2241646d696e6973747261646f72223b555345525f4e414d457c733a323a223132223b555345525f4150454c4c49444f537c733a323a223132223b555345525f4c4f47494e7c733a373a2261646d696e3237223b555345525f454d41494c7c733a32363a2272646865726e616e64657a3033303240676d61696c2e636f6d31223b555345525f444f43554d454e544f7c733a363a22313233313233223b),
('20473ld9klnjnsga7app1qd8adsjn0d6', '172.16.4.61', 1553895375, 0x5f5f63695f6c6173745f726567656e65726174657c693a313535333839333339363b555345525f4c4f474745447c623a313b5549447c733a313a2232223b555345525f524f4c7c733a313a2231223b555345525f524f4c5f4e414d457c733a31333a2241646d696e6973747261646f72223b555345525f4e414d457c733a323a223132223b555345525f4150454c4c49444f537c733a323a223132223b555345525f4c4f47494e7c733a373a2261646d696e3237223b555345525f454d41494c7c733a32363a2272646865726e616e64657a3033303240676d61696c2e636f6d31223b555345525f444f43554d454e544f7c733a363a22313233313233223b),
('dhki7jrnrh81q39aad0otmal2vefrs0f', '172.16.4.61', 1553896627, 0x5f5f63695f6c6173745f726567656e65726174657c693a313535333839363239393b555345525f4c4f474745447c623a313b5549447c733a313a2232223b555345525f524f4c7c733a313a2231223b555345525f524f4c5f4e414d457c733a31333a2241646d696e6973747261646f72223b555345525f4e414d457c733a323a223132223b555345525f4150454c4c49444f537c733a323a223132223b555345525f4c4f47494e7c733a373a2261646d696e3237223b555345525f454d41494c7c733a32363a2272646865726e616e64657a3033303240676d61696c2e636f6d31223b555345525f444f43554d454e544f7c733a363a22313233313233223b),
('3jel7c09c8srlj1hars3eahejor5if6a', '172.16.4.61', 1553897431, 0x5f5f63695f6c6173745f726567656e65726174657c693a313535333839363633353b555345525f4c4f474745447c623a313b5549447c733a313a2232223b555345525f524f4c7c733a313a2231223b555345525f524f4c5f4e414d457c733a31333a2241646d696e6973747261646f72223b555345525f4e414d457c733a323a223132223b555345525f4150454c4c49444f537c733a323a223132223b555345525f4c4f47494e7c733a373a2261646d696e3237223b555345525f454d41494c7c733a32363a2272646865726e616e64657a3033303240676d61696c2e636f6d31223b555345525f444f43554d454e544f7c733a363a22313233313233223b),
('f7jio0aefffgljr64udbsi89kgirflud', '172.16.4.61', 1553897868, 0x5f5f63695f6c6173745f726567656e65726174657c693a313535333839373435363b555345525f4c4f474745447c623a313b5549447c733a313a2232223b555345525f524f4c7c733a313a2231223b555345525f524f4c5f4e414d457c733a31333a2241646d696e6973747261646f72223b555345525f4e414d457c733a323a223132223b555345525f4150454c4c49444f537c733a323a223132223b555345525f4c4f47494e7c733a373a2261646d696e3237223b555345525f454d41494c7c733a32363a2272646865726e616e64657a3033303240676d61696c2e636f6d31223b555345525f444f43554d454e544f7c733a363a22313233313233223b),
('vn3q18ah3bqfts98s63sdtrs6ld1qa0e', '172.16.4.61', 1553898100, 0x5f5f63695f6c6173745f726567656e65726174657c693a313535333839373932383b555345525f4c4f474745447c623a313b5549447c733a313a2232223b555345525f524f4c7c733a313a2231223b555345525f524f4c5f4e414d457c733a31333a2241646d696e6973747261646f72223b555345525f4e414d457c733a323a223132223b555345525f4150454c4c49444f537c733a323a223132223b555345525f4c4f47494e7c733a373a2261646d696e3237223b555345525f454d41494c7c733a32363a2272646865726e616e64657a3033303240676d61696c2e636f6d31223b555345525f444f43554d454e544f7c733a363a22313233313233223b),
('169g5tq73nv2284cmp0ejtrbusntu387', '172.16.4.61', 1553899469, 0x5f5f63695f6c6173745f726567656e65726174657c693a313535333839393134363b555345525f4c4f474745447c623a313b5549447c733a313a2232223b555345525f524f4c7c733a313a2231223b555345525f524f4c5f4e414d457c733a31333a2241646d696e6973747261646f72223b555345525f4e414d457c733a323a223132223b555345525f4150454c4c49444f537c733a323a223132223b555345525f4c4f47494e7c733a373a2261646d696e3237223b555345525f454d41494c7c733a32363a2272646865726e616e64657a3033303240676d61696c2e636f6d31223b555345525f444f43554d454e544f7c733a363a22313233313233223b),
('ibj8ls8fkgjhq9nsn5thdeq8k4jjdn4g', '::1', 1553983912, 0x5f5f63695f6c6173745f726567656e65726174657c693a313535333938333931323b555345525f4c4f474745447c623a313b5549447c733a313a2232223b555345525f524f4c7c733a313a2231223b555345525f524f4c5f4e414d457c733a31333a2241646d696e6973747261646f72223b555345525f4e414d457c733a323a223132223b555345525f4150454c4c49444f537c733a323a223132223b555345525f4c4f47494e7c733a373a2261646d696e3237223b555345525f454d41494c7c733a32363a2272646865726e616e64657a3033303240676d61696c2e636f6d31223b555345525f444f43554d454e544f7c733a363a22313233313233223b),
('34ltu66r0tmgp2maje3j284gjpaj0r4t', '::1', 1553984417, 0x5f5f63695f6c6173745f726567656e65726174657c693a313535333938343431373b555345525f4c4f474745447c623a313b5549447c733a313a2232223b555345525f524f4c7c733a313a2231223b555345525f524f4c5f4e414d457c733a31333a2241646d696e6973747261646f72223b555345525f4e414d457c733a323a223132223b555345525f4150454c4c49444f537c733a323a223132223b555345525f4c4f47494e7c733a373a2261646d696e3237223b555345525f454d41494c7c733a32363a2272646865726e616e64657a3033303240676d61696c2e636f6d31223b555345525f444f43554d454e544f7c733a363a22313233313233223b),
('t8mojv3mj95h6tlqnvetv7jb0b4asaiq', '::1', 1553985033, 0x5f5f63695f6c6173745f726567656e65726174657c693a313535333938353033333b555345525f4c4f474745447c623a313b5549447c733a313a2232223b555345525f524f4c7c733a313a2231223b555345525f524f4c5f4e414d457c733a31333a2241646d696e6973747261646f72223b555345525f4e414d457c733a323a223132223b555345525f4150454c4c49444f537c733a323a223132223b555345525f4c4f47494e7c733a373a2261646d696e3237223b555345525f454d41494c7c733a32363a2272646865726e616e64657a3033303240676d61696c2e636f6d31223b555345525f444f43554d454e544f7c733a363a22313233313233223b),
('gdvd1tqptgoj8jtp9bghod1f9o0q835v', '::1', 1553985335, 0x5f5f63695f6c6173745f726567656e65726174657c693a313535333938353333353b555345525f4c4f474745447c623a313b5549447c733a313a2232223b555345525f524f4c7c733a313a2231223b555345525f524f4c5f4e414d457c733a31333a2241646d696e6973747261646f72223b555345525f4e414d457c733a323a223132223b555345525f4150454c4c49444f537c733a323a223132223b555345525f4c4f47494e7c733a373a2261646d696e3237223b555345525f454d41494c7c733a32363a2272646865726e616e64657a3033303240676d61696c2e636f6d31223b555345525f444f43554d454e544f7c733a363a22313233313233223b),
('s9p2td1ml2g51ss972ph9l30btl472c8', '::1', 1553985667, 0x5f5f63695f6c6173745f726567656e65726174657c693a313535333938353636373b555345525f4c4f474745447c623a313b5549447c733a313a2232223b555345525f524f4c7c733a313a2231223b555345525f524f4c5f4e414d457c733a31333a2241646d696e6973747261646f72223b555345525f4e414d457c733a323a223132223b555345525f4150454c4c49444f537c733a323a223132223b555345525f4c4f47494e7c733a373a2261646d696e3237223b555345525f454d41494c7c733a32363a2272646865726e616e64657a3033303240676d61696c2e636f6d31223b555345525f444f43554d454e544f7c733a363a22313233313233223b),
('gjcmng93hvv6ubj4psk0a1miumialsaj', '::1', 1553986667, 0x5f5f63695f6c6173745f726567656e65726174657c693a313535333938363636373b555345525f4c4f474745447c623a313b5549447c733a313a2232223b555345525f524f4c7c733a313a2231223b555345525f524f4c5f4e414d457c733a31333a2241646d696e6973747261646f72223b555345525f4e414d457c733a323a223132223b555345525f4150454c4c49444f537c733a323a223132223b555345525f4c4f47494e7c733a373a2261646d696e3237223b555345525f454d41494c7c733a32363a2272646865726e616e64657a3033303240676d61696c2e636f6d31223b555345525f444f43554d454e544f7c733a363a22313233313233223b),
('f518ma1kd97fhic1tqng3v0m3a2prc02', '::1', 1553987138, 0x5f5f63695f6c6173745f726567656e65726174657c693a313535333938373133383b555345525f4c4f474745447c623a313b5549447c733a313a2232223b555345525f524f4c7c733a313a2231223b555345525f524f4c5f4e414d457c733a31333a2241646d696e6973747261646f72223b555345525f4e414d457c733a323a223132223b555345525f4150454c4c49444f537c733a323a223132223b555345525f4c4f47494e7c733a373a2261646d696e3237223b555345525f454d41494c7c733a32363a2272646865726e616e64657a3033303240676d61696c2e636f6d31223b555345525f444f43554d454e544f7c733a363a22313233313233223b),
('28qasnl166pekfuekkavonncve3ejfi4', '::1', 1553987461, 0x5f5f63695f6c6173745f726567656e65726174657c693a313535333938373436313b555345525f4c4f474745447c623a313b5549447c733a313a2232223b555345525f524f4c7c733a313a2231223b555345525f524f4c5f4e414d457c733a31333a2241646d696e6973747261646f72223b555345525f4e414d457c733a323a223132223b555345525f4150454c4c49444f537c733a323a223132223b555345525f4c4f47494e7c733a373a2261646d696e3237223b555345525f454d41494c7c733a32363a2272646865726e616e64657a3033303240676d61696c2e636f6d31223b555345525f444f43554d454e544f7c733a363a22313233313233223b),
('h4p44lrbrrso8lerv21tpjq91h09nots', '::1', 1553988593, 0x5f5f63695f6c6173745f726567656e65726174657c693a313535333938383539333b555345525f4c4f474745447c623a313b5549447c733a313a2232223b555345525f524f4c7c733a313a2231223b555345525f524f4c5f4e414d457c733a31333a2241646d696e6973747261646f72223b555345525f4e414d457c733a323a223132223b555345525f4150454c4c49444f537c733a323a223132223b555345525f4c4f47494e7c733a373a2261646d696e3237223b555345525f454d41494c7c733a32363a2272646865726e616e64657a3033303240676d61696c2e636f6d31223b555345525f444f43554d454e544f7c733a363a22313233313233223b),
('06d6n3qjdktdee53ir9q9v4me2c6outr', '::1', 1553989085, 0x5f5f63695f6c6173745f726567656e65726174657c693a313535333938393038353b555345525f4c4f474745447c623a313b5549447c733a313a2232223b555345525f524f4c7c733a313a2231223b555345525f524f4c5f4e414d457c733a31333a2241646d696e6973747261646f72223b555345525f4e414d457c733a323a223132223b555345525f4150454c4c49444f537c733a323a223132223b555345525f4c4f47494e7c733a373a2261646d696e3237223b555345525f454d41494c7c733a32363a2272646865726e616e64657a3033303240676d61696c2e636f6d31223b555345525f444f43554d454e544f7c733a363a22313233313233223b),
('sfcqfbvvaqkqjebvb0ovljn6spb92e4l', '::1', 1553989445, 0x5f5f63695f6c6173745f726567656e65726174657c693a313535333938393434353b555345525f4c4f474745447c623a313b5549447c733a313a2232223b555345525f524f4c7c733a313a2231223b555345525f524f4c5f4e414d457c733a31333a2241646d696e6973747261646f72223b555345525f4e414d457c733a323a223132223b555345525f4150454c4c49444f537c733a323a223132223b555345525f4c4f47494e7c733a373a2261646d696e3237223b555345525f454d41494c7c733a32363a2272646865726e616e64657a3033303240676d61696c2e636f6d31223b555345525f444f43554d454e544f7c733a363a22313233313233223b),
('qqbfkuh2u5tgulmdrlqg9sl928vet4sj', '::1', 1553989856, 0x5f5f63695f6c6173745f726567656e65726174657c693a313535333938393835363b555345525f4c4f474745447c623a313b5549447c733a313a2232223b555345525f524f4c7c733a313a2231223b555345525f524f4c5f4e414d457c733a31333a2241646d696e6973747261646f72223b555345525f4e414d457c733a323a223132223b555345525f4150454c4c49444f537c733a323a223132223b555345525f4c4f47494e7c733a373a2261646d696e3237223b555345525f454d41494c7c733a32363a2272646865726e616e64657a3033303240676d61696c2e636f6d31223b555345525f444f43554d454e544f7c733a363a22313233313233223b),
('8ekof1trmoqqjifkeuqgeusdtdesf39t', '::1', 1553990114, 0x5f5f63695f6c6173745f726567656e65726174657c693a313535333938393835363b555345525f4c4f474745447c623a313b5549447c733a313a2232223b555345525f524f4c7c733a313a2231223b555345525f524f4c5f4e414d457c733a31333a2241646d696e6973747261646f72223b555345525f4e414d457c733a323a223132223b555345525f4150454c4c49444f537c733a323a223132223b555345525f4c4f47494e7c733a373a2261646d696e3237223b555345525f454d41494c7c733a32363a2272646865726e616e64657a3033303240676d61696c2e636f6d31223b555345525f444f43554d454e544f7c733a363a22313233313233223b),
('0abg94l73fhbunqgssgqaa5po5vrgsvm', '::1', 1553997660, 0x5f5f63695f6c6173745f726567656e65726174657c693a313535333939373636303b555345525f4c4f474745447c623a313b5549447c733a313a2232223b555345525f524f4c7c733a313a2231223b555345525f524f4c5f4e414d457c733a31333a2241646d696e6973747261646f72223b555345525f4e414d457c733a323a223132223b555345525f4150454c4c49444f537c733a323a223132223b555345525f4c4f47494e7c733a373a2261646d696e3237223b555345525f454d41494c7c733a32363a2272646865726e616e64657a3033303240676d61696c2e636f6d31223b555345525f444f43554d454e544f7c733a363a22313233313233223b),
('dlqpg35tjl3v91d02b839h63bcnirlik', '::1', 1553997974, 0x5f5f63695f6c6173745f726567656e65726174657c693a313535333939373937343b555345525f4c4f474745447c623a313b5549447c733a313a2232223b555345525f524f4c7c733a313a2231223b555345525f524f4c5f4e414d457c733a31333a2241646d696e6973747261646f72223b555345525f4e414d457c733a323a223132223b555345525f4150454c4c49444f537c733a323a223132223b555345525f4c4f47494e7c733a373a2261646d696e3237223b555345525f454d41494c7c733a32363a2272646865726e616e64657a3033303240676d61696c2e636f6d31223b555345525f444f43554d454e544f7c733a363a22313233313233223b),
('ghipbfit1d8d9jges19ubbbtoul9echb', '::1', 1553998541, 0x5f5f63695f6c6173745f726567656e65726174657c693a313535333939383534313b555345525f4c4f474745447c623a313b5549447c733a313a2232223b555345525f524f4c7c733a313a2231223b555345525f524f4c5f4e414d457c733a31333a2241646d696e6973747261646f72223b555345525f4e414d457c733a323a223132223b555345525f4150454c4c49444f537c733a323a223132223b555345525f4c4f47494e7c733a373a2261646d696e3237223b555345525f454d41494c7c733a32363a2272646865726e616e64657a3033303240676d61696c2e636f6d31223b555345525f444f43554d454e544f7c733a363a22313233313233223b),
('qq9e72kbf377jmc369kkfquchh2qrko1', '::1', 1553999106, 0x5f5f63695f6c6173745f726567656e65726174657c693a313535333939393130363b555345525f4c4f474745447c623a313b5549447c733a313a2232223b555345525f524f4c7c733a313a2231223b555345525f524f4c5f4e414d457c733a31333a2241646d696e6973747261646f72223b555345525f4e414d457c733a323a223132223b555345525f4150454c4c49444f537c733a323a223132223b555345525f4c4f47494e7c733a373a2261646d696e3237223b555345525f454d41494c7c733a32363a2272646865726e616e64657a3033303240676d61696c2e636f6d31223b555345525f444f43554d454e544f7c733a363a22313233313233223b),
('ft5v72d9293hgjp5q3eeum012ln0p46b', '::1', 1553999448, 0x5f5f63695f6c6173745f726567656e65726174657c693a313535333939393434383b555345525f4c4f474745447c623a313b5549447c733a313a2232223b555345525f524f4c7c733a313a2231223b555345525f524f4c5f4e414d457c733a31333a2241646d696e6973747261646f72223b555345525f4e414d457c733a323a223132223b555345525f4150454c4c49444f537c733a323a223132223b555345525f4c4f47494e7c733a373a2261646d696e3237223b555345525f454d41494c7c733a32363a2272646865726e616e64657a3033303240676d61696c2e636f6d31223b555345525f444f43554d454e544f7c733a363a22313233313233223b),
('mju3e5odf3f8es67p7lvgl0jes1are5g', '::1', 1553999757, 0x5f5f63695f6c6173745f726567656e65726174657c693a313535333939393735373b555345525f4c4f474745447c623a313b5549447c733a313a2232223b555345525f524f4c7c733a313a2231223b555345525f524f4c5f4e414d457c733a31333a2241646d696e6973747261646f72223b555345525f4e414d457c733a323a223132223b555345525f4150454c4c49444f537c733a323a223132223b555345525f4c4f47494e7c733a373a2261646d696e3237223b555345525f454d41494c7c733a32363a2272646865726e616e64657a3033303240676d61696c2e636f6d31223b555345525f444f43554d454e544f7c733a363a22313233313233223b),
('42ni23po70qn8uv7s2jcm900mt99jp63', '::1', 1554000132, 0x5f5f63695f6c6173745f726567656e65726174657c693a313535343030303133323b555345525f4c4f474745447c623a313b5549447c733a313a2232223b555345525f524f4c7c733a313a2231223b555345525f524f4c5f4e414d457c733a31333a2241646d696e6973747261646f72223b555345525f4e414d457c733a323a223132223b555345525f4150454c4c49444f537c733a323a223132223b555345525f4c4f47494e7c733a373a2261646d696e3237223b555345525f454d41494c7c733a32363a2272646865726e616e64657a3033303240676d61696c2e636f6d31223b555345525f444f43554d454e544f7c733a363a22313233313233223b),
('e3dui8eup7puvildplc65msedtq9fmq6', '::1', 1554000476, 0x5f5f63695f6c6173745f726567656e65726174657c693a313535343030303437363b555345525f4c4f474745447c623a313b5549447c733a313a2232223b555345525f524f4c7c733a313a2231223b555345525f524f4c5f4e414d457c733a31333a2241646d696e6973747261646f72223b555345525f4e414d457c733a323a223132223b555345525f4150454c4c49444f537c733a323a223132223b555345525f4c4f47494e7c733a373a2261646d696e3237223b555345525f454d41494c7c733a32363a2272646865726e616e64657a3033303240676d61696c2e636f6d31223b555345525f444f43554d454e544f7c733a363a22313233313233223b),
('hfmu98ftd0og46s0i6epqogf72gbb1k0', '::1', 1554000644, 0x5f5f63695f6c6173745f726567656e65726174657c693a313535343030303437363b555345525f4c4f474745447c623a313b5549447c733a313a2232223b555345525f524f4c7c733a313a2231223b555345525f524f4c5f4e414d457c733a31333a2241646d696e6973747261646f72223b555345525f4e414d457c733a323a223132223b555345525f4150454c4c49444f537c733a323a223132223b555345525f4c4f47494e7c733a373a2261646d696e3237223b555345525f454d41494c7c733a32363a2272646865726e616e64657a3033303240676d61696c2e636f6d31223b555345525f444f43554d454e544f7c733a363a22313233313233223b),
('4qunauoujrd447fogn9v7mn5joc5j55v', '::1', 1554037876, 0x5f5f63695f6c6173745f726567656e65726174657c693a313535343033373837363b555345525f4c4f474745447c623a313b5549447c733a313a2232223b555345525f524f4c7c733a313a2231223b555345525f524f4c5f4e414d457c733a31333a2241646d696e6973747261646f72223b555345525f4e414d457c733a323a223132223b555345525f4150454c4c49444f537c733a323a223132223b555345525f4c4f47494e7c733a373a2261646d696e3237223b555345525f454d41494c7c733a32363a2272646865726e616e64657a3033303240676d61696c2e636f6d31223b555345525f444f43554d454e544f7c733a363a22313233313233223b),
('slq0u9nis0fautr4cl88060t6pf65hto', '::1', 1554038383, 0x5f5f63695f6c6173745f726567656e65726174657c693a313535343033383338333b555345525f4c4f474745447c623a313b5549447c733a313a2232223b555345525f524f4c7c733a313a2231223b555345525f524f4c5f4e414d457c733a31333a2241646d696e6973747261646f72223b555345525f4e414d457c733a323a223132223b555345525f4150454c4c49444f537c733a323a223132223b555345525f4c4f47494e7c733a373a2261646d696e3237223b555345525f454d41494c7c733a32363a2272646865726e616e64657a3033303240676d61696c2e636f6d31223b555345525f444f43554d454e544f7c733a363a22313233313233223b),
('7i84ppmmpb0phpghtf5ait1hns0p5mol', '::1', 1554039218, 0x5f5f63695f6c6173745f726567656e65726174657c693a313535343033393231383b555345525f4c4f474745447c623a313b5549447c733a313a2232223b555345525f524f4c7c733a313a2231223b555345525f524f4c5f4e414d457c733a31333a2241646d696e6973747261646f72223b555345525f4e414d457c733a323a223132223b555345525f4150454c4c49444f537c733a323a223132223b555345525f4c4f47494e7c733a373a2261646d696e3237223b555345525f454d41494c7c733a32363a2272646865726e616e64657a3033303240676d61696c2e636f6d31223b555345525f444f43554d454e544f7c733a363a22313233313233223b),
('r2kohjvtora1ok05sfb7sba4jo4pn3vo', '::1', 1554039590, 0x5f5f63695f6c6173745f726567656e65726174657c693a313535343033393539303b555345525f4c4f474745447c623a313b5549447c733a313a2232223b555345525f524f4c7c733a313a2231223b555345525f524f4c5f4e414d457c733a31333a2241646d696e6973747261646f72223b555345525f4e414d457c733a323a223132223b555345525f4150454c4c49444f537c733a323a223132223b555345525f4c4f47494e7c733a373a2261646d696e3237223b555345525f454d41494c7c733a32363a2272646865726e616e64657a3033303240676d61696c2e636f6d31223b555345525f444f43554d454e544f7c733a363a22313233313233223b),
('4c9lg31egoerifvina1qq94rati3tcme', '::1', 1554040388, 0x5f5f63695f6c6173745f726567656e65726174657c693a313535343034303338383b555345525f4c4f474745447c623a313b5549447c733a313a2232223b555345525f524f4c7c733a313a2231223b555345525f524f4c5f4e414d457c733a31333a2241646d696e6973747261646f72223b555345525f4e414d457c733a323a223132223b555345525f4150454c4c49444f537c733a323a223132223b555345525f4c4f47494e7c733a373a2261646d696e3237223b555345525f454d41494c7c733a32363a2272646865726e616e64657a3033303240676d61696c2e636f6d31223b555345525f444f43554d454e544f7c733a363a22313233313233223b),
('nk9418bhh33k3755tt6pt80h41clk5bs', '::1', 1554040753, 0x5f5f63695f6c6173745f726567656e65726174657c693a313535343034303735333b555345525f4c4f474745447c623a313b5549447c733a313a2232223b555345525f524f4c7c733a313a2231223b555345525f524f4c5f4e414d457c733a31333a2241646d696e6973747261646f72223b555345525f4e414d457c733a323a223132223b555345525f4150454c4c49444f537c733a323a223132223b555345525f4c4f47494e7c733a373a2261646d696e3237223b555345525f454d41494c7c733a32363a2272646865726e616e64657a3033303240676d61696c2e636f6d31223b555345525f444f43554d454e544f7c733a363a22313233313233223b),
('69cje48qrcq783od6ao334jquanbu9q0', '::1', 1554040956, 0x5f5f63695f6c6173745f726567656e65726174657c693a313535343034303735333b555345525f4c4f474745447c623a313b5549447c733a313a2232223b555345525f524f4c7c733a313a2231223b555345525f524f4c5f4e414d457c733a31333a2241646d696e6973747261646f72223b555345525f4e414d457c733a323a223132223b555345525f4150454c4c49444f537c733a323a223132223b555345525f4c4f47494e7c733a373a2261646d696e3237223b555345525f454d41494c7c733a32363a2272646865726e616e64657a3033303240676d61696c2e636f6d31223b555345525f444f43554d454e544f7c733a363a22313233313233223b);

-- --------------------------------------------------------

--
-- Estructura de tabla para la tabla `contratos`
--

CREATE TABLE `contratos` (
  `id` int(11) NOT NULL,
  `fecha_inicio` date DEFAULT NULL COMMENT 'fecha contrato',
  `lapida` bit(1) DEFAULT NULL COMMENT 'lapida contrato 1 si 0 no',
  `fk_iddifunto` int(11) DEFAULT NULL,
  `fk_idpariente` int(11) DEFAULT NULL,
  `fk_idboveda` int(11) DEFAULT NULL COMMENT 'boveda que ocupa el difunto',
  `plazo` int(11) DEFAULT NULL COMMENT 'plazo para desocupar la boveda',
  `fk_idtipocontrato` int(11) UNSIGNED DEFAULT NULL COMMENT 'T-tumba///E-exhumacion',
  `fecha_fin` date DEFAULT NULL,
  `valor` float NOT NULL,
  `observacion` longtext,
  `id_contrato_anterior` int(11) UNSIGNED DEFAULT '0' COMMENT 'el numero de contrato de la tumba, solo se usa en caso de ser contrato de exhumacion',
  `exhumacion` int(11) UNSIGNED DEFAULT '0',
  `fecha_exhumacion` date DEFAULT NULL,
  `valor_exhumacion` int(10) UNSIGNED DEFAULT NULL,
  `recibo_exhumacion` int(10) UNSIGNED DEFAULT NULL,
  `estado` int(10) UNSIGNED DEFAULT '1',
  `traslados` int(11) NOT NULL DEFAULT '0'
) ENGINE=InnoDB DEFAULT CHARSET=utf8 ROW_FORMAT=COMPACT;

--
-- Volcado de datos para la tabla `contratos`
--

INSERT INTO `contratos` (`id`, `fecha_inicio`, `lapida`, `fk_iddifunto`, `fk_idpariente`, `fk_idboveda`, `plazo`, `fk_idtipocontrato`, `fecha_fin`, `valor`, `observacion`, `id_contrato_anterior`, `exhumacion`, `fecha_exhumacion`, `valor_exhumacion`, `recibo_exhumacion`, `estado`, `traslados`) VALUES
(24, '2019-03-13', b'1', 10, 10, 4, 0, 1, '2019-02-21', 120000, 'as', 0, 0, NULL, NULL, NULL, 1, 0),
(25, '2019-03-08', b'1', 11, 11, 2, 0, 1, '2019-04-03', 12312, '13123', 0, 0, NULL, NULL, NULL, 0, 0),
(26, '2019-03-08', b'1', 12, 12, 5, 0, 3, '2019-04-19', 12312, 'asdasdasd', 0, 0, NULL, NULL, NULL, 0, 0),
(27, '2019-03-14', b'0', 12, 12, 6, 0, 3, '2019-04-21', 13213, '123123', 26, 0, NULL, NULL, NULL, 0, 1),
(28, '2019-03-14', b'0', 12, 12, 5, 0, 4, '2019-04-21', 12000, 'adsasdasd', 27, 0, NULL, NULL, NULL, 1, 1),
(29, '2019-03-14', b'0', 11, 11, 6, 0, 3, '2019-04-21', 123123, '123', 25, 1, '2019-03-27', 12132, 123, 1, 1);

-- --------------------------------------------------------

--
-- Estructura de tabla para la tabla `difuntos`
--

CREATE TABLE `difuntos` (
  `id` int(11) NOT NULL,
  `nombres` varchar(80) DEFAULT NULL,
  `apellidos` varchar(80) DEFAULT NULL,
  `fk_idtipodocumento` int(10) UNSIGNED DEFAULT NULL,
  `documento` varchar(25) DEFAULT NULL,
  `fecha_nacimiento` date DEFAULT NULL,
  `fecha_defuncion` date DEFAULT NULL
) ENGINE=InnoDB DEFAULT CHARSET=utf8 ROW_FORMAT=COMPACT;

--
-- Volcado de datos para la tabla `difuntos`
--

INSERT INTO `difuntos` (`id`, `nombres`, `apellidos`, `fk_idtipodocumento`, `documento`, `fecha_nacimiento`, `fecha_defuncion`) VALUES
(1, 'Ronald Darley', 'Hernandez Jurado', 1, '37833008', '2019-03-13', '2019-12-21'),
(2, 'Ronald Darley', 'Hernandez Jurado', 1, '37833008', '2019-03-13', '2019-12-21'),
(3, 'Ronald Darley', 'Hernandez Jurado', 1, '37833008', '2019-03-13', '2019-12-21'),
(4, 'Ronald Darley', 'Hernandez Jurado', 1, '123123', '2019-03-13', '2019-03-14'),
(5, 'NOMBRE DIFUNTO', 'APELLIDO DIFUNTO', 1, '1111', '2019-03-14', '2019-03-21'),
(6, 'qwe', 'qwe', 1, '12', '2019-03-12', '2019-03-27'),
(7, '12', '12', 1, '12', '2019-03-13', '2019-03-13'),
(8, 'asd', 'asd', 1, '123', '2019-03-05', '2019-03-13'),
(9, '12', '132', 1, '123', '2019-02-25', '2019-03-13'),
(10, 'qeQW', '2', 1, '12', '2019-03-12', '2019-03-29'),
(11, 'jasdjasdj', 'asdjasdj', 1, '123132', '2019-03-05', '2019-03-30'),
(12, 'dsasds', 'asd', 1, '123123', '2019-03-06', '2019-03-30');

-- --------------------------------------------------------

--
-- Estructura de tabla para la tabla `exhumaciones`
--

CREATE TABLE `exhumaciones` (
  `id` int(11) NOT NULL,
  `fk_idcontrato` int(11) DEFAULT NULL,
  `fk_idboveda` int(11) DEFAULT NULL,
  `valor` float(11,0) DEFAULT NULL COMMENT 'cementerio recepcion',
  `fecha` date DEFAULT NULL COMMENT 'tipo de sepultura a donde se envia'
) ENGINE=InnoDB DEFAULT CHARSET=utf8 ROW_FORMAT=COMPACT;

-- --------------------------------------------------------

--
-- Estructura de tabla para la tabla `panteones`
--

CREATE TABLE `panteones` (
  `id` int(11) NOT NULL,
  `nombre` varchar(50) DEFAULT NULL,
  `fk_idparroquia` int(11) DEFAULT NULL,
  `minimo` int(11) DEFAULT NULL COMMENT 'minimo numero de la boveda',
  `maximo` int(11) DEFAULT NULL COMMENT 'maximo numero de la boveda',
  `ancho` int(10) UNSIGNED DEFAULT NULL,
  `alto` int(10) UNSIGNED DEFAULT NULL,
  `osario` int(1) DEFAULT NULL,
  `cenizario` int(1) DEFAULT NULL,
  `tumba` int(1) DEFAULT NULL
) ENGINE=InnoDB DEFAULT CHARSET=utf8 ROW_FORMAT=COMPACT;

--
-- Volcado de datos para la tabla `panteones`
--

INSERT INTO `panteones` (`id`, `nombre`, `fk_idparroquia`, `minimo`, `maximo`, `ancho`, `alto`, `osario`, `cenizario`, `tumba`) VALUES
(5, '7 SAN PABLO', 6, 0, 12, 0, 0, 1, 1, 1);

-- --------------------------------------------------------

--
-- Estructura de tabla para la tabla `parientes`
--

CREATE TABLE `parientes` (
  `id` int(11) NOT NULL,
  `nombres` varchar(80) DEFAULT NULL,
  `apellidos` varchar(80) DEFAULT NULL,
  `fk_idtipodocumento` int(10) UNSIGNED DEFAULT NULL,
  `lugar_expedicion` varchar(50) DEFAULT NULL,
  `documento` varchar(25) DEFAULT NULL,
  `parentezco` varchar(50) DEFAULT NULL
) ENGINE=InnoDB DEFAULT CHARSET=utf8 ROW_FORMAT=COMPACT;

--
-- Volcado de datos para la tabla `parientes`
--

INSERT INTO `parientes` (`id`, `nombres`, `apellidos`, `fk_idtipodocumento`, `lugar_expedicion`, `documento`, `parentezco`) VALUES
(1, 'Ronald', 'Hernandez', 2, 'Bogota', '1102389236', 'socio'),
(2, 'asd', 'ads', 1, 'Piedecuesta', '231', '12'),
(3, 'asd', 'ads', 1, NULL, '231', '12'),
(4, 'Ronald Darley', 'Hernandez Jurado', 1, NULL, '1212', '1212'),
(5, 'NOMBRE PARIENTE', 'APELLIDO PARIENTE', 1, 'Piedecuesta', '1111', '1111'),
(6, '123', '123', 1, NULL, '123', '132'),
(7, '12', '12', 1, '12', '12', '12'),
(8, '123', '213', 1, 'Piedecuesta', '213', '132'),
(9, '123', '132', 1, '132', '213', '312'),
(10, 'as', 'asd', 1, 'asad', '1212', 'asd'),
(11, 'asd', 'adsaasd', 1, 'as', '12132', 'ads'),
(12, 'asd', 'ads', 1, '123123', '123123', '123123');

-- --------------------------------------------------------

--
-- Estructura de tabla para la tabla `parroquias`
--

CREATE TABLE `parroquias` (
  `id` int(11) NOT NULL,
  `nombre` varchar(50) DEFAULT NULL,
  `nombre_parroco` varchar(50) DEFAULT NULL,
  `telefono` varchar(20) DEFAULT NULL,
  `direccion` varchar(30) DEFAULT NULL,
  `osario` int(1) DEFAULT NULL,
  `cenizario` int(1) DEFAULT NULL,
  `cementerio` int(1) DEFAULT NULL,
  `nit` varchar(25) DEFAULT NULL
) ENGINE=InnoDB DEFAULT CHARSET=utf8 ROW_FORMAT=COMPACT;

--
-- Volcado de datos para la tabla `parroquias`
--

INSERT INTO `parroquias` (`id`, `nombre`, `nombre_parroco`, `telefono`, `direccion`, `osario`, `cenizario`, `cementerio`, `nit`) VALUES
(6, 'SAN JUAN NEPOMUCENO DE FLORIDABLANCA', 'ELMER MAURICIO JAIMES PEDRAZA', '123', '13', 1, 1, 1, '213213');

-- --------------------------------------------------------

--
-- Estructura de tabla para la tabla `precios`
--

CREATE TABLE `precios` (
  `id` int(11) UNSIGNED NOT NULL,
  `fk_idsepultura` int(11) DEFAULT NULL,
  `fk_idparroquia` int(11) DEFAULT NULL,
  `precio_palida` float DEFAULT NULL COMMENT 'precio con lapida',
  `precio_sin_lapida` int(11) DEFAULT NULL COMMENT 'precio_sin_lapida'
) ENGINE=InnoDB DEFAULT CHARSET=utf8 ROW_FORMAT=COMPACT;

-- --------------------------------------------------------

--
-- Estructura de tabla para la tabla `roles`
--

CREATE TABLE `roles` (
  `id` int(10) NOT NULL,
  `nombre` varchar(80) DEFAULT NULL
) ENGINE=InnoDB DEFAULT CHARSET=utf8 ROW_FORMAT=COMPACT;

--
-- Volcado de datos para la tabla `roles`
--

INSERT INTO `roles` (`id`, `nombre`) VALUES
(1, 'Administrador'),
(2, 'Visitante');

-- --------------------------------------------------------

--
-- Estructura de tabla para la tabla `sepulturas`
--

CREATE TABLE `sepulturas` (
  `id` int(11) NOT NULL,
  `nombre` varchar(50) DEFAULT NULL,
  `estado` int(11) DEFAULT '1' COMMENT '1-activo///0-inactivo'
) ENGINE=InnoDB DEFAULT CHARSET=utf8 ROW_FORMAT=COMPACT;

--
-- Volcado de datos para la tabla `sepulturas`
--

INSERT INTO `sepulturas` (`id`, `nombre`, `estado`) VALUES
(1, 'SEPULTURA 12', 1),
(2, 'or1', 1);

-- --------------------------------------------------------

--
-- Estructura de tabla para la tabla `tipos_contratos`
--

CREATE TABLE `tipos_contratos` (
  `id` int(10) UNSIGNED NOT NULL,
  `nombre` varchar(50) DEFAULT NULL
) ENGINE=InnoDB DEFAULT CHARSET=latin1;

--
-- Volcado de datos para la tabla `tipos_contratos`
--

INSERT INTO `tipos_contratos` (`id`, `nombre`) VALUES
(1, 'T-tumba'),
(3, 'Cenizarios'),
(4, 'Osarios');

-- --------------------------------------------------------

--
-- Estructura de tabla para la tabla `tipos_documentos`
--

CREATE TABLE `tipos_documentos` (
  `id` int(10) UNSIGNED NOT NULL,
  `nombre` varchar(50) NOT NULL
) ENGINE=InnoDB DEFAULT CHARSET=latin1;

--
-- Volcado de datos para la tabla `tipos_documentos`
--

INSERT INTO `tipos_documentos` (`id`, `nombre`) VALUES
(1, 'Registro civil'),
(2, 'Tarjeta de identidad'),
(3, 'Cedula de ciudadania');

-- --------------------------------------------------------

--
-- Estructura de tabla para la tabla `traslados`
--

CREATE TABLE `traslados` (
  `id` int(10) UNSIGNED NOT NULL,
  `fk_iddifunto` int(11) DEFAULT NULL,
  `fk_idpariente` int(11) DEFAULT NULL,
  `observacion` longtext,
  `id_contrato_anterior` int(11) UNSIGNED DEFAULT '0' COMMENT 'el numero de contrato de la tumba, solo se usa en caso de ser contrato de exhumacion',
  `cementerio` varchar(50) DEFAULT NULL,
  `boveda` varchar(50) DEFAULT NULL,
  `panteon` varchar(50) DEFAULT NULL
) ENGINE=InnoDB DEFAULT CHARSET=latin1;

--
-- Volcado de datos para la tabla `traslados`
--

INSERT INTO `traslados` (`id`, `fk_iddifunto`, `fk_idpariente`, `observacion`, `id_contrato_anterior`, `cementerio`, `boveda`, `panteon`) VALUES
(4, 2, 2, 'asd', 20, 'asd', 'as', 'asd'),
(5, 1, 1, 'ASD', 19, 'AD', 'ASD', 'ADS'),
(6, 5, 5, 'ASDASD', 6, 'ASD', 'ASD', 'ASD');

-- --------------------------------------------------------

--
-- Estructura de tabla para la tabla `usuarios`
--

CREATE TABLE `usuarios` (
  `id` int(11) UNSIGNED NOT NULL,
  `estado` int(11) UNSIGNED NOT NULL DEFAULT '1',
  `usuario` varchar(40) NOT NULL,
  `password` varchar(72) DEFAULT NULL,
  `documento` varchar(25) DEFAULT NULL,
  `nombres` varchar(40) DEFAULT NULL,
  `apellidos` varchar(40) DEFAULT NULL,
  `email` varchar(40) DEFAULT NULL,
  `celular1` varchar(25) DEFAULT NULL,
  `celular2` varchar(25) DEFAULT NULL,
  `fk_idrol` int(11) DEFAULT NULL
) ENGINE=InnoDB DEFAULT CHARSET=utf8 ROW_FORMAT=COMPACT;

--
-- Volcado de datos para la tabla `usuarios`
--

INSERT INTO `usuarios` (`id`, `estado`, `usuario`, `password`, `documento`, `nombres`, `apellidos`, `email`, `celular1`, `celular2`, `fk_idrol`) VALUES
(1, 1, 'rhernandez', '$2y$09$JqMrprX8uOd10HexLzEpdObuZlUzw2FuZ5Y0Yb.ahU7j2aAenSeRG', '1102389236', 'Ronald Darley', 'Hernandez Jurado', 'rdhernandez0302@gmail.com', '3162560279', '', 1),
(2, 1, 'admin27', '$2y$09$l1m1ScZFMw7JIPNGPW3nC.OUBIZBnwdiy8YHebXBHGloR.Phbpwr6', '123123', '12', '12', 'rdhernandez0302@gmail.com1', NULL, '', 1),
(3, 1, 'admin271', '$2y$09$4tiI8iRIGLFxr8ikP6IMcuEJnp4Qc6/jxqvN4z7dXcVbAhirD.s9G', '1250', '12', '12', 'rdhernandez0303@gmail.com', '', '', 1);

--
-- Índices para tablas volcadas
--

--
-- Indices de la tabla `bovedas`
--
ALTER TABLE `bovedas`
  ADD PRIMARY KEY (`id`) USING BTREE,
  ADD KEY `fk_idpanteon` (`fk_idpanteon`) USING BTREE;

--
-- Indices de la tabla `cementerios`
--
ALTER TABLE `cementerios`
  ADD PRIMARY KEY (`id`) USING BTREE,
  ADD KEY `fk_idparroquia` (`fk_idparroquia`) USING BTREE;

--
-- Indices de la tabla `ci_sessions`
--
ALTER TABLE `ci_sessions`
  ADD KEY `ci_sessions_timestamp` (`timestamp`);

--
-- Indices de la tabla `contratos`
--
ALTER TABLE `contratos`
  ADD PRIMARY KEY (`id`) USING BTREE,
  ADD KEY `fk_iddifunto` (`fk_iddifunto`) USING BTREE,
  ADD KEY `fk_idpariente` (`fk_idpariente`) USING BTREE,
  ADD KEY `fk_boveda` (`fk_idboveda`) USING BTREE,
  ADD KEY `fk_idtipocontrato` (`fk_idtipocontrato`);

--
-- Indices de la tabla `difuntos`
--
ALTER TABLE `difuntos`
  ADD PRIMARY KEY (`id`) USING BTREE,
  ADD KEY `fk_idtipodocumento` (`fk_idtipodocumento`);

--
-- Indices de la tabla `exhumaciones`
--
ALTER TABLE `exhumaciones`
  ADD PRIMARY KEY (`id`) USING BTREE,
  ADD KEY `fk_idcontrato` (`fk_idcontrato`),
  ADD KEY `fk_idboveda` (`fk_idboveda`);

--
-- Indices de la tabla `panteones`
--
ALTER TABLE `panteones`
  ADD PRIMARY KEY (`id`) USING BTREE,
  ADD KEY `fk_idparroquia` (`fk_idparroquia`) USING BTREE;

--
-- Indices de la tabla `parientes`
--
ALTER TABLE `parientes`
  ADD PRIMARY KEY (`id`) USING BTREE,
  ADD KEY `fk_idtipodocumento` (`fk_idtipodocumento`);

--
-- Indices de la tabla `parroquias`
--
ALTER TABLE `parroquias`
  ADD PRIMARY KEY (`id`) USING BTREE;

--
-- Indices de la tabla `precios`
--
ALTER TABLE `precios`
  ADD PRIMARY KEY (`id`),
  ADD KEY `fk_idsepultura` (`fk_idsepultura`) USING BTREE,
  ADD KEY `fk_idparroquia` (`fk_idparroquia`) USING BTREE;

--
-- Indices de la tabla `roles`
--
ALTER TABLE `roles`
  ADD PRIMARY KEY (`id`) USING BTREE;

--
-- Indices de la tabla `sepulturas`
--
ALTER TABLE `sepulturas`
  ADD PRIMARY KEY (`id`) USING BTREE;

--
-- Indices de la tabla `tipos_contratos`
--
ALTER TABLE `tipos_contratos`
  ADD PRIMARY KEY (`id`);

--
-- Indices de la tabla `tipos_documentos`
--
ALTER TABLE `tipos_documentos`
  ADD PRIMARY KEY (`id`);

--
-- Indices de la tabla `traslados`
--
ALTER TABLE `traslados`
  ADD PRIMARY KEY (`id`),
  ADD KEY `fk_iddifunto` (`fk_iddifunto`),
  ADD KEY `fk_idpariente` (`fk_idpariente`);

--
-- Indices de la tabla `usuarios`
--
ALTER TABLE `usuarios`
  ADD PRIMARY KEY (`id`) USING BTREE,
  ADD KEY `fk_idrol` (`fk_idrol`) USING BTREE;

--
-- AUTO_INCREMENT de las tablas volcadas
--

--
-- AUTO_INCREMENT de la tabla `bovedas`
--
ALTER TABLE `bovedas`
  MODIFY `id` int(11) NOT NULL AUTO_INCREMENT, AUTO_INCREMENT=9;

--
-- AUTO_INCREMENT de la tabla `cementerios`
--
ALTER TABLE `cementerios`
  MODIFY `id` int(11) NOT NULL AUTO_INCREMENT, AUTO_INCREMENT=2;

--
-- AUTO_INCREMENT de la tabla `contratos`
--
ALTER TABLE `contratos`
  MODIFY `id` int(11) NOT NULL AUTO_INCREMENT, AUTO_INCREMENT=30;

--
-- AUTO_INCREMENT de la tabla `difuntos`
--
ALTER TABLE `difuntos`
  MODIFY `id` int(11) NOT NULL AUTO_INCREMENT, AUTO_INCREMENT=13;

--
-- AUTO_INCREMENT de la tabla `exhumaciones`
--
ALTER TABLE `exhumaciones`
  MODIFY `id` int(11) NOT NULL AUTO_INCREMENT;

--
-- AUTO_INCREMENT de la tabla `panteones`
--
ALTER TABLE `panteones`
  MODIFY `id` int(11) NOT NULL AUTO_INCREMENT, AUTO_INCREMENT=6;

--
-- AUTO_INCREMENT de la tabla `parientes`
--
ALTER TABLE `parientes`
  MODIFY `id` int(11) NOT NULL AUTO_INCREMENT, AUTO_INCREMENT=13;

--
-- AUTO_INCREMENT de la tabla `parroquias`
--
ALTER TABLE `parroquias`
  MODIFY `id` int(11) NOT NULL AUTO_INCREMENT, AUTO_INCREMENT=7;

--
-- AUTO_INCREMENT de la tabla `precios`
--
ALTER TABLE `precios`
  MODIFY `id` int(11) UNSIGNED NOT NULL AUTO_INCREMENT;

--
-- AUTO_INCREMENT de la tabla `roles`
--
ALTER TABLE `roles`
  MODIFY `id` int(10) NOT NULL AUTO_INCREMENT, AUTO_INCREMENT=3;

--
-- AUTO_INCREMENT de la tabla `sepulturas`
--
ALTER TABLE `sepulturas`
  MODIFY `id` int(11) NOT NULL AUTO_INCREMENT, AUTO_INCREMENT=3;

--
-- AUTO_INCREMENT de la tabla `tipos_contratos`
--
ALTER TABLE `tipos_contratos`
  MODIFY `id` int(10) UNSIGNED NOT NULL AUTO_INCREMENT, AUTO_INCREMENT=5;

--
-- AUTO_INCREMENT de la tabla `tipos_documentos`
--
ALTER TABLE `tipos_documentos`
  MODIFY `id` int(10) UNSIGNED NOT NULL AUTO_INCREMENT, AUTO_INCREMENT=4;

--
-- AUTO_INCREMENT de la tabla `traslados`
--
ALTER TABLE `traslados`
  MODIFY `id` int(10) UNSIGNED NOT NULL AUTO_INCREMENT, AUTO_INCREMENT=7;

--
-- AUTO_INCREMENT de la tabla `usuarios`
--
ALTER TABLE `usuarios`
  MODIFY `id` int(11) UNSIGNED NOT NULL AUTO_INCREMENT, AUTO_INCREMENT=4;

--
-- Restricciones para tablas volcadas
--

--
-- Filtros para la tabla `bovedas`
--
ALTER TABLE `bovedas`
  ADD CONSTRAINT `bovedas_ibfk_1` FOREIGN KEY (`fk_idpanteon`) REFERENCES `panteones` (`id`) ON UPDATE CASCADE;

--
-- Filtros para la tabla `cementerios`
--
ALTER TABLE `cementerios`
  ADD CONSTRAINT `cementerios_ibfk_1` FOREIGN KEY (`fk_idparroquia`) REFERENCES `parroquias` (`id`) ON UPDATE CASCADE;

--
-- Filtros para la tabla `contratos`
--
ALTER TABLE `contratos`
  ADD CONSTRAINT `contratos_ibfk_1` FOREIGN KEY (`fk_iddifunto`) REFERENCES `difuntos` (`id`) ON UPDATE CASCADE,
  ADD CONSTRAINT `contratos_ibfk_2` FOREIGN KEY (`fk_idpariente`) REFERENCES `parientes` (`id`) ON UPDATE CASCADE,
  ADD CONSTRAINT `contratos_ibfk_3` FOREIGN KEY (`fk_idboveda`) REFERENCES `bovedas` (`id`) ON UPDATE CASCADE,
  ADD CONSTRAINT `contratos_ibfk_5` FOREIGN KEY (`fk_idtipocontrato`) REFERENCES `tipos_contratos` (`id`) ON UPDATE CASCADE;

--
-- Filtros para la tabla `difuntos`
--
ALTER TABLE `difuntos`
  ADD CONSTRAINT `difuntos_ibfk_1` FOREIGN KEY (`fk_idtipodocumento`) REFERENCES `tipos_documentos` (`id`) ON UPDATE CASCADE;

--
-- Filtros para la tabla `exhumaciones`
--
ALTER TABLE `exhumaciones`
  ADD CONSTRAINT `exhumaciones_ibfk_1` FOREIGN KEY (`fk_idboveda`) REFERENCES `bovedas` (`id`),
  ADD CONSTRAINT `exhumaciones_ibfk_2` FOREIGN KEY (`fk_idcontrato`) REFERENCES `contratos` (`id`);

--
-- Filtros para la tabla `panteones`
--
ALTER TABLE `panteones`
  ADD CONSTRAINT `panteones_ibfk_1` FOREIGN KEY (`fk_idparroquia`) REFERENCES `parroquias` (`id`) ON UPDATE CASCADE;

--
-- Filtros para la tabla `parientes`
--
ALTER TABLE `parientes`
  ADD CONSTRAINT `parientes_ibfk_1` FOREIGN KEY (`fk_idtipodocumento`) REFERENCES `tipos_documentos` (`id`) ON UPDATE CASCADE;

--
-- Filtros para la tabla `precios`
--
ALTER TABLE `precios`
  ADD CONSTRAINT `precios_ibfk_1` FOREIGN KEY (`fk_idsepultura`) REFERENCES `sepulturas` (`id`) ON UPDATE CASCADE,
  ADD CONSTRAINT `precios_ibfk_2` FOREIGN KEY (`fk_idparroquia`) REFERENCES `parroquias` (`id`) ON UPDATE CASCADE;

--
-- Filtros para la tabla `traslados`
--
ALTER TABLE `traslados`
  ADD CONSTRAINT `traslados_ibfk_1` FOREIGN KEY (`fk_iddifunto`) REFERENCES `difuntos` (`id`) ON UPDATE CASCADE,
  ADD CONSTRAINT `traslados_ibfk_2` FOREIGN KEY (`fk_idpariente`) REFERENCES `parientes` (`id`) ON UPDATE CASCADE;

--
-- Filtros para la tabla `usuarios`
--
ALTER TABLE `usuarios`
  ADD CONSTRAINT `usuarios_ibfk_1` FOREIGN KEY (`fk_idrol`) REFERENCES `roles` (`id`);
COMMIT;

/*!40101 SET CHARACTER_SET_CLIENT=@OLD_CHARACTER_SET_CLIENT */;
/*!40101 SET CHARACTER_SET_RESULTS=@OLD_CHARACTER_SET_RESULTS */;
/*!40101 SET COLLATION_CONNECTION=@OLD_COLLATION_CONNECTION */;
