-- --------------------------------------------------------
-- Host:                         172.16.1.12
-- Versión del servidor:         5.5.42-cll-lve - MySQL Community Server (GPL) by Atomicorp
-- SO del servidor:              Linux
-- HeidiSQL Versión:             10.1.0.5464
-- --------------------------------------------------------

/*!40101 SET @OLD_CHARACTER_SET_CLIENT=@@CHARACTER_SET_CLIENT */;
/*!40101 SET NAMES utf8 */;
/*!50503 SET NAMES utf8mb4 */;
/*!40014 SET @OLD_FOREIGN_KEY_CHECKS=@@FOREIGN_KEY_CHECKS, FOREIGN_KEY_CHECKS=0 */;
/*!40101 SET @OLD_SQL_MODE=@@SQL_MODE, SQL_MODE='NO_AUTO_VALUE_ON_ZERO' */;


-- Volcando estructura de base de datos para bd_proyecto_nuevo
DROP DATABASE IF EXISTS `bd_proyecto_nuevo`;
CREATE DATABASE IF NOT EXISTS `bd_proyecto_nuevo` /*!40100 DEFAULT CHARACTER SET latin1 */;
USE `bd_proyecto_nuevo`;

-- Volcando estructura para tabla bd_proyecto_nuevo.anios
DROP TABLE IF EXISTS `anios`;
CREATE TABLE IF NOT EXISTS `anios` (
  `id` int(10) unsigned NOT NULL AUTO_INCREMENT,
  `numero` int(10) unsigned DEFAULT '0',
  PRIMARY KEY (`id`),
  UNIQUE KEY `numero` (`numero`)
) ENGINE=InnoDB AUTO_INCREMENT=2001 DEFAULT CHARSET=latin1;

-- Volcando datos para la tabla bd_proyecto_nuevo.anios: ~2.359 rows (aproximadamente)
/*!40000 ALTER TABLE `anios` DISABLE KEYS */;
INSERT INTO `anios` (`id`, `numero`) VALUES
	(1, 2000),
	(2, 2001),
	(3, 2002),
	(4, 2003),
	(5, 2004),
	(6, 2005),
	(7, 2006),
	(8, 2007),
	(9, 2008),
	(10, 2009),
	(11, 2010),
	(12, 2011),
	(13, 2012),
	(14, 2013),
	(15, 2014),
	(16, 2015),
	(17, 2016),
	(18, 2017),
	(19, 2018),
	(20, 2019),
	(21, 2020),
	(22, 2021),
	(23, 2022),
	(24, 2023),
	(25, 2024),
	(26, 2025),
	(27, 2026),
	(28, 2027),
	(29, 2028),
	(30, 2029),
	(31, 2030),
	(32, 2031),
	(33, 2032),
	(34, 2033),
	(35, 2034),
	(36, 2035),
	(37, 2036),
	(38, 2037),
	(39, 2038),
	(40, 2039),
	(41, 2040),
	(42, 2041),
	(43, 2042),
	(44, 2043),
	(45, 2044),
	(46, 2045),
	(47, 2046),
	(48, 2047),
	(49, 2048),
	(50, 2049),
	(51, 2050),
	(52, 2051),
	(53, 2052),
	(54, 2053),
	(55, 2054),
	(56, 2055),
	(57, 2056),
	(58, 2057),
	(59, 2058),
	(60, 2059),
	(61, 2060),
	(62, 2061),
	(63, 2062),
	(64, 2063),
	(65, 2064),
	(66, 2065),
	(67, 2066),
	(68, 2067),
	(69, 2068),
	(70, 2069),
	(71, 2070),
	(72, 2071),
	(73, 2072),
	(74, 2073),
	(75, 2074),
	(76, 2075),
	(77, 2076),
	(78, 2077),
	(79, 2078),
	(80, 2079),
	(81, 2080),
	(82, 2081),
	(83, 2082),
	(84, 2083),
	(85, 2084),
	(86, 2085),
	(87, 2086),
	(88, 2087),
	(89, 2088),
	(90, 2089),
	(91, 2090),
	(92, 2091),
	(93, 2092),
	(94, 2093),
	(95, 2094),
	(96, 2095),
	(97, 2096),
	(98, 2097),
	(99, 2098),
	(100, 2099),
	(101, 2100),
	(102, 2101),
	(103, 2102),
	(104, 2103),
	(105, 2104),
	(106, 2105),
	(107, 2106),
	(108, 2107),
	(109, 2108),
	(110, 2109),
	(111, 2110),
	(112, 2111),
	(113, 2112),
	(114, 2113),
	(115, 2114),
	(116, 2115),
	(117, 2116),
	(118, 2117),
	(119, 2118),
	(120, 2119),
	(121, 2120),
	(122, 2121),
	(123, 2122),
	(124, 2123),
	(125, 2124),
	(126, 2125),
	(127, 2126),
	(128, 2127),
	(129, 2128),
	(130, 2129),
	(131, 2130),
	(132, 2131),
	(133, 2132),
	(134, 2133),
	(135, 2134),
	(136, 2135),
	(137, 2136),
	(138, 2137),
	(139, 2138),
	(140, 2139),
	(141, 2140),
	(142, 2141),
	(143, 2142),
	(144, 2143),
	(145, 2144),
	(146, 2145),
	(147, 2146),
	(148, 2147),
	(149, 2148),
	(150, 2149),
	(151, 2150),
	(152, 2151),
	(153, 2152),
	(154, 2153),
	(155, 2154),
	(156, 2155),
	(157, 2156),
	(158, 2157),
	(159, 2158),
	(160, 2159),
	(161, 2160),
	(162, 2161),
	(163, 2162),
	(164, 2163),
	(165, 2164),
	(166, 2165),
	(167, 2166),
	(168, 2167),
	(169, 2168),
	(170, 2169),
	(171, 2170),
	(172, 2171),
	(173, 2172),
	(174, 2173),
	(175, 2174),
	(176, 2175),
	(177, 2176),
	(178, 2177),
	(179, 2178),
	(180, 2179),
	(181, 2180),
	(182, 2181),
	(183, 2182),
	(184, 2183),
	(185, 2184),
	(186, 2185),
	(187, 2186),
	(188, 2187),
	(189, 2188),
	(190, 2189),
	(191, 2190),
	(192, 2191),
	(193, 2192),
	(194, 2193),
	(195, 2194),
	(196, 2195),
	(197, 2196),
	(198, 2197),
	(199, 2198),
	(200, 2199),
	(201, 2200),
	(202, 2201),
	(203, 2202),
	(204, 2203),
	(205, 2204),
	(206, 2205),
	(207, 2206),
	(208, 2207),
	(209, 2208),
	(210, 2209),
	(211, 2210),
	(212, 2211),
	(213, 2212),
	(214, 2213),
	(215, 2214),
	(216, 2215),
	(217, 2216),
	(218, 2217),
	(219, 2218),
	(220, 2219),
	(221, 2220),
	(222, 2221),
	(223, 2222),
	(224, 2223),
	(225, 2224),
	(226, 2225),
	(227, 2226),
	(228, 2227),
	(229, 2228),
	(230, 2229),
	(231, 2230),
	(232, 2231),
	(233, 2232),
	(234, 2233),
	(235, 2234),
	(236, 2235),
	(237, 2236),
	(238, 2237),
	(239, 2238),
	(240, 2239),
	(241, 2240),
	(242, 2241),
	(243, 2242),
	(244, 2243),
	(245, 2244),
	(246, 2245),
	(247, 2246),
	(248, 2247),
	(249, 2248),
	(250, 2249),
	(251, 2250),
	(252, 2251),
	(253, 2252),
	(254, 2253),
	(255, 2254),
	(256, 2255),
	(257, 2256),
	(258, 2257),
	(259, 2258),
	(260, 2259),
	(261, 2260),
	(262, 2261),
	(263, 2262),
	(264, 2263),
	(265, 2264),
	(266, 2265),
	(267, 2266),
	(268, 2267),
	(269, 2268),
	(270, 2269),
	(271, 2270),
	(272, 2271),
	(273, 2272),
	(274, 2273),
	(275, 2274),
	(276, 2275),
	(277, 2276),
	(278, 2277),
	(279, 2278),
	(280, 2279),
	(281, 2280),
	(282, 2281),
	(283, 2282),
	(284, 2283),
	(285, 2284),
	(286, 2285),
	(287, 2286),
	(288, 2287),
	(289, 2288),
	(290, 2289),
	(291, 2290),
	(292, 2291),
	(293, 2292),
	(294, 2293),
	(295, 2294),
	(296, 2295),
	(297, 2296),
	(298, 2297),
	(299, 2298),
	(300, 2299),
	(301, 2300),
	(302, 2301),
	(303, 2302),
	(304, 2303),
	(305, 2304),
	(306, 2305),
	(307, 2306),
	(308, 2307),
	(309, 2308),
	(310, 2309),
	(311, 2310),
	(312, 2311),
	(313, 2312),
	(314, 2313),
	(315, 2314),
	(316, 2315),
	(317, 2316),
	(318, 2317),
	(319, 2318),
	(320, 2319),
	(321, 2320),
	(322, 2321),
	(323, 2322),
	(324, 2323),
	(325, 2324),
	(326, 2325),
	(327, 2326),
	(328, 2327),
	(329, 2328),
	(330, 2329),
	(331, 2330),
	(332, 2331),
	(333, 2332),
	(334, 2333),
	(335, 2334),
	(336, 2335),
	(337, 2336),
	(338, 2337),
	(339, 2338),
	(340, 2339),
	(341, 2340),
	(342, 2341),
	(343, 2342),
	(344, 2343),
	(345, 2344),
	(346, 2345),
	(347, 2346),
	(348, 2347),
	(349, 2348),
	(350, 2349),
	(351, 2350),
	(352, 2351),
	(353, 2352),
	(354, 2353),
	(355, 2354),
	(356, 2355),
	(357, 2356),
	(358, 2357),
	(359, 2358),
	(360, 2359),
	(361, 2360),
	(362, 2361),
	(363, 2362),
	(364, 2363),
	(365, 2364),
	(366, 2365),
	(367, 2366),
	(368, 2367),
	(369, 2368),
	(370, 2369),
	(371, 2370),
	(372, 2371),
	(373, 2372),
	(374, 2373),
	(375, 2374),
	(376, 2375),
	(377, 2376),
	(378, 2377),
	(379, 2378),
	(380, 2379),
	(381, 2380),
	(382, 2381),
	(383, 2382),
	(384, 2383),
	(385, 2384),
	(386, 2385),
	(387, 2386),
	(388, 2387),
	(389, 2388),
	(390, 2389),
	(391, 2390),
	(392, 2391),
	(393, 2392),
	(394, 2393),
	(395, 2394),
	(396, 2395),
	(397, 2396),
	(398, 2397),
	(399, 2398),
	(400, 2399),
	(401, 2400),
	(402, 2401),
	(403, 2402),
	(404, 2403),
	(405, 2404),
	(406, 2405),
	(407, 2406),
	(408, 2407),
	(409, 2408),
	(410, 2409),
	(411, 2410),
	(412, 2411),
	(413, 2412),
	(414, 2413),
	(415, 2414),
	(416, 2415),
	(417, 2416),
	(418, 2417),
	(419, 2418),
	(420, 2419),
	(421, 2420),
	(422, 2421),
	(423, 2422),
	(424, 2423),
	(425, 2424),
	(426, 2425),
	(427, 2426),
	(428, 2427),
	(429, 2428),
	(430, 2429),
	(431, 2430),
	(432, 2431),
	(433, 2432),
	(434, 2433),
	(435, 2434),
	(436, 2435),
	(437, 2436),
	(438, 2437),
	(439, 2438),
	(440, 2439),
	(441, 2440),
	(442, 2441),
	(443, 2442),
	(444, 2443),
	(445, 2444),
	(446, 2445),
	(447, 2446),
	(448, 2447),
	(449, 2448),
	(450, 2449),
	(451, 2450),
	(452, 2451),
	(453, 2452),
	(454, 2453),
	(455, 2454),
	(456, 2455),
	(457, 2456),
	(458, 2457),
	(459, 2458),
	(460, 2459),
	(461, 2460),
	(462, 2461),
	(463, 2462),
	(464, 2463),
	(465, 2464),
	(466, 2465),
	(467, 2466),
	(468, 2467),
	(469, 2468),
	(470, 2469),
	(471, 2470),
	(472, 2471),
	(473, 2472),
	(474, 2473),
	(475, 2474),
	(476, 2475),
	(477, 2476),
	(478, 2477),
	(479, 2478),
	(480, 2479),
	(481, 2480),
	(482, 2481),
	(483, 2482),
	(484, 2483),
	(485, 2484),
	(486, 2485),
	(487, 2486),
	(488, 2487),
	(489, 2488),
	(490, 2489),
	(491, 2490),
	(492, 2491),
	(493, 2492),
	(494, 2493),
	(495, 2494),
	(496, 2495),
	(497, 2496),
	(498, 2497),
	(499, 2498),
	(500, 2499),
	(501, 2500),
	(502, 2501),
	(503, 2502),
	(504, 2503),
	(505, 2504),
	(506, 2505),
	(507, 2506),
	(508, 2507),
	(509, 2508),
	(510, 2509),
	(511, 2510),
	(512, 2511),
	(513, 2512),
	(514, 2513),
	(515, 2514),
	(516, 2515),
	(517, 2516),
	(518, 2517),
	(519, 2518),
	(520, 2519),
	(521, 2520),
	(522, 2521),
	(523, 2522),
	(524, 2523),
	(525, 2524),
	(526, 2525),
	(527, 2526),
	(528, 2527),
	(529, 2528),
	(530, 2529),
	(531, 2530),
	(532, 2531),
	(533, 2532),
	(534, 2533),
	(535, 2534),
	(536, 2535),
	(537, 2536),
	(538, 2537),
	(539, 2538),
	(540, 2539),
	(541, 2540),
	(542, 2541),
	(543, 2542),
	(544, 2543),
	(545, 2544),
	(546, 2545),
	(547, 2546),
	(548, 2547),
	(549, 2548),
	(550, 2549),
	(551, 2550),
	(552, 2551),
	(553, 2552),
	(554, 2553),
	(555, 2554),
	(556, 2555),
	(557, 2556),
	(558, 2557),
	(559, 2558),
	(560, 2559),
	(561, 2560),
	(562, 2561),
	(563, 2562),
	(564, 2563),
	(565, 2564),
	(566, 2565),
	(567, 2566),
	(568, 2567),
	(569, 2568),
	(570, 2569),
	(571, 2570),
	(572, 2571),
	(573, 2572),
	(574, 2573),
	(575, 2574),
	(576, 2575),
	(577, 2576),
	(578, 2577),
	(579, 2578),
	(580, 2579),
	(581, 2580),
	(582, 2581),
	(583, 2582),
	(584, 2583),
	(585, 2584),
	(586, 2585),
	(587, 2586),
	(588, 2587),
	(589, 2588),
	(590, 2589),
	(591, 2590),
	(592, 2591),
	(593, 2592),
	(594, 2593),
	(595, 2594),
	(596, 2595),
	(597, 2596),
	(598, 2597),
	(599, 2598),
	(600, 2599),
	(601, 2600),
	(602, 2601),
	(603, 2602),
	(604, 2603),
	(605, 2604),
	(606, 2605),
	(607, 2606),
	(608, 2607),
	(609, 2608),
	(610, 2609),
	(611, 2610),
	(612, 2611),
	(613, 2612),
	(614, 2613),
	(615, 2614),
	(616, 2615),
	(617, 2616),
	(618, 2617),
	(619, 2618),
	(620, 2619),
	(621, 2620),
	(622, 2621),
	(623, 2622),
	(624, 2623),
	(625, 2624),
	(626, 2625),
	(627, 2626),
	(628, 2627),
	(629, 2628),
	(630, 2629),
	(631, 2630),
	(632, 2631),
	(633, 2632),
	(634, 2633),
	(635, 2634),
	(636, 2635),
	(637, 2636),
	(638, 2637),
	(639, 2638),
	(640, 2639),
	(641, 2640),
	(642, 2641),
	(643, 2642),
	(644, 2643),
	(645, 2644),
	(646, 2645),
	(647, 2646),
	(648, 2647),
	(649, 2648),
	(650, 2649),
	(651, 2650),
	(652, 2651),
	(653, 2652),
	(654, 2653),
	(655, 2654),
	(656, 2655),
	(657, 2656),
	(658, 2657),
	(659, 2658),
	(660, 2659),
	(661, 2660),
	(662, 2661),
	(663, 2662),
	(664, 2663),
	(665, 2664),
	(666, 2665),
	(667, 2666),
	(668, 2667),
	(669, 2668),
	(670, 2669),
	(671, 2670),
	(672, 2671),
	(673, 2672),
	(674, 2673),
	(675, 2674),
	(676, 2675),
	(677, 2676),
	(678, 2677),
	(679, 2678),
	(680, 2679),
	(681, 2680),
	(682, 2681),
	(683, 2682),
	(684, 2683),
	(685, 2684),
	(686, 2685),
	(687, 2686),
	(688, 2687),
	(689, 2688),
	(690, 2689),
	(691, 2690),
	(692, 2691),
	(693, 2692),
	(694, 2693),
	(695, 2694),
	(696, 2695),
	(697, 2696),
	(698, 2697),
	(699, 2698),
	(700, 2699),
	(701, 2700),
	(702, 2701),
	(703, 2702),
	(704, 2703),
	(705, 2704),
	(706, 2705),
	(707, 2706),
	(708, 2707),
	(709, 2708),
	(710, 2709),
	(711, 2710),
	(712, 2711),
	(713, 2712),
	(714, 2713),
	(715, 2714),
	(716, 2715),
	(717, 2716),
	(718, 2717),
	(719, 2718),
	(720, 2719),
	(721, 2720),
	(722, 2721),
	(723, 2722),
	(724, 2723),
	(725, 2724),
	(726, 2725),
	(727, 2726),
	(728, 2727),
	(729, 2728),
	(730, 2729),
	(731, 2730),
	(732, 2731),
	(733, 2732),
	(734, 2733),
	(735, 2734),
	(736, 2735),
	(737, 2736),
	(738, 2737),
	(739, 2738),
	(740, 2739),
	(741, 2740),
	(742, 2741),
	(743, 2742),
	(744, 2743),
	(745, 2744),
	(746, 2745),
	(747, 2746),
	(748, 2747),
	(749, 2748),
	(750, 2749),
	(751, 2750),
	(752, 2751),
	(753, 2752),
	(754, 2753),
	(755, 2754),
	(756, 2755),
	(757, 2756),
	(758, 2757),
	(759, 2758),
	(760, 2759),
	(761, 2760),
	(762, 2761),
	(763, 2762),
	(764, 2763),
	(765, 2764),
	(766, 2765),
	(767, 2766),
	(768, 2767),
	(769, 2768),
	(770, 2769),
	(771, 2770),
	(772, 2771),
	(773, 2772),
	(774, 2773),
	(775, 2774),
	(776, 2775),
	(777, 2776),
	(778, 2777),
	(779, 2778),
	(780, 2779),
	(781, 2780),
	(782, 2781),
	(783, 2782),
	(784, 2783),
	(785, 2784),
	(786, 2785),
	(787, 2786),
	(788, 2787),
	(789, 2788),
	(790, 2789),
	(791, 2790),
	(792, 2791),
	(793, 2792),
	(794, 2793),
	(795, 2794),
	(796, 2795),
	(797, 2796),
	(798, 2797),
	(799, 2798),
	(800, 2799),
	(801, 2800),
	(802, 2801),
	(803, 2802),
	(804, 2803),
	(805, 2804),
	(806, 2805),
	(807, 2806),
	(808, 2807),
	(809, 2808),
	(810, 2809),
	(811, 2810),
	(812, 2811),
	(813, 2812),
	(814, 2813),
	(815, 2814),
	(816, 2815),
	(817, 2816),
	(818, 2817),
	(819, 2818),
	(820, 2819),
	(821, 2820),
	(822, 2821),
	(823, 2822),
	(824, 2823),
	(825, 2824),
	(826, 2825),
	(827, 2826),
	(828, 2827),
	(829, 2828),
	(830, 2829),
	(831, 2830),
	(832, 2831),
	(833, 2832),
	(834, 2833),
	(835, 2834),
	(836, 2835),
	(837, 2836),
	(838, 2837),
	(839, 2838),
	(840, 2839),
	(841, 2840),
	(842, 2841),
	(843, 2842),
	(844, 2843),
	(845, 2844),
	(846, 2845),
	(847, 2846),
	(848, 2847),
	(849, 2848),
	(850, 2849),
	(851, 2850),
	(852, 2851),
	(853, 2852),
	(854, 2853),
	(855, 2854),
	(856, 2855),
	(857, 2856),
	(858, 2857),
	(859, 2858),
	(860, 2859),
	(861, 2860),
	(862, 2861),
	(863, 2862),
	(864, 2863),
	(865, 2864),
	(866, 2865),
	(867, 2866),
	(868, 2867),
	(869, 2868),
	(870, 2869),
	(871, 2870),
	(872, 2871),
	(873, 2872),
	(874, 2873),
	(875, 2874),
	(876, 2875),
	(877, 2876),
	(878, 2877),
	(879, 2878),
	(880, 2879),
	(881, 2880),
	(882, 2881),
	(883, 2882),
	(884, 2883),
	(885, 2884),
	(886, 2885),
	(887, 2886),
	(888, 2887),
	(889, 2888),
	(890, 2889),
	(891, 2890),
	(892, 2891),
	(893, 2892),
	(894, 2893),
	(895, 2894),
	(896, 2895),
	(897, 2896),
	(898, 2897),
	(899, 2898),
	(900, 2899),
	(901, 2900),
	(902, 2901),
	(903, 2902),
	(904, 2903),
	(905, 2904),
	(906, 2905),
	(907, 2906),
	(908, 2907),
	(909, 2908),
	(910, 2909),
	(911, 2910),
	(912, 2911),
	(913, 2912),
	(914, 2913),
	(915, 2914),
	(916, 2915),
	(917, 2916),
	(918, 2917),
	(919, 2918),
	(920, 2919),
	(921, 2920),
	(922, 2921),
	(923, 2922),
	(924, 2923),
	(925, 2924),
	(926, 2925),
	(927, 2926),
	(928, 2927),
	(929, 2928),
	(930, 2929),
	(931, 2930),
	(932, 2931),
	(933, 2932),
	(934, 2933),
	(935, 2934),
	(936, 2935),
	(937, 2936),
	(938, 2937),
	(939, 2938),
	(940, 2939),
	(941, 2940),
	(942, 2941),
	(943, 2942),
	(944, 2943),
	(945, 2944),
	(946, 2945),
	(947, 2946),
	(948, 2947),
	(949, 2948),
	(950, 2949),
	(951, 2950),
	(952, 2951),
	(953, 2952),
	(954, 2953),
	(955, 2954),
	(956, 2955),
	(957, 2956),
	(958, 2957),
	(959, 2958),
	(960, 2959),
	(961, 2960),
	(962, 2961),
	(963, 2962),
	(964, 2963),
	(965, 2964),
	(966, 2965),
	(967, 2966),
	(968, 2967),
	(969, 2968),
	(970, 2969),
	(971, 2970),
	(972, 2971),
	(973, 2972),
	(974, 2973),
	(975, 2974),
	(976, 2975),
	(977, 2976),
	(978, 2977),
	(979, 2978),
	(980, 2979),
	(981, 2980),
	(982, 2981),
	(983, 2982),
	(984, 2983),
	(985, 2984),
	(986, 2985),
	(987, 2986),
	(988, 2987),
	(989, 2988),
	(990, 2989),
	(991, 2990),
	(992, 2991),
	(993, 2992),
	(994, 2993),
	(995, 2994),
	(996, 2995),
	(997, 2996),
	(998, 2997),
	(999, 2998),
	(1000, 2999),
	(1001, 3000),
	(1002, 3001),
	(1003, 3002),
	(1004, 3003),
	(1005, 3004),
	(1006, 3005),
	(1007, 3006),
	(1008, 3007),
	(1009, 3008),
	(1010, 3009),
	(1011, 3010),
	(1012, 3011),
	(1013, 3012),
	(1014, 3013),
	(1015, 3014),
	(1016, 3015),
	(1017, 3016),
	(1018, 3017),
	(1019, 3018),
	(1020, 3019),
	(1021, 3020),
	(1022, 3021),
	(1023, 3022),
	(1024, 3023),
	(1025, 3024),
	(1026, 3025),
	(1027, 3026),
	(1028, 3027),
	(1029, 3028),
	(1030, 3029),
	(1031, 3030),
	(1032, 3031),
	(1033, 3032),
	(1034, 3033),
	(1035, 3034),
	(1036, 3035),
	(1037, 3036),
	(1038, 3037),
	(1039, 3038),
	(1040, 3039),
	(1041, 3040),
	(1042, 3041),
	(1043, 3042),
	(1044, 3043),
	(1045, 3044),
	(1046, 3045),
	(1047, 3046),
	(1048, 3047),
	(1049, 3048),
	(1050, 3049),
	(1051, 3050),
	(1052, 3051),
	(1053, 3052),
	(1054, 3053),
	(1055, 3054),
	(1056, 3055),
	(1057, 3056),
	(1058, 3057),
	(1059, 3058),
	(1060, 3059),
	(1061, 3060),
	(1062, 3061),
	(1063, 3062),
	(1064, 3063),
	(1065, 3064),
	(1066, 3065),
	(1067, 3066),
	(1068, 3067),
	(1069, 3068),
	(1070, 3069),
	(1071, 3070),
	(1072, 3071),
	(1073, 3072),
	(1074, 3073),
	(1075, 3074),
	(1076, 3075),
	(1077, 3076),
	(1078, 3077),
	(1079, 3078),
	(1080, 3079),
	(1081, 3080),
	(1082, 3081),
	(1083, 3082),
	(1084, 3083),
	(1085, 3084),
	(1086, 3085),
	(1087, 3086),
	(1088, 3087),
	(1089, 3088),
	(1090, 3089),
	(1091, 3090),
	(1092, 3091),
	(1093, 3092),
	(1094, 3093),
	(1095, 3094),
	(1096, 3095),
	(1097, 3096),
	(1098, 3097),
	(1099, 3098),
	(1100, 3099),
	(1101, 3100),
	(1102, 3101),
	(1103, 3102),
	(1104, 3103),
	(1105, 3104),
	(1106, 3105),
	(1107, 3106),
	(1108, 3107),
	(1109, 3108),
	(1110, 3109),
	(1111, 3110),
	(1112, 3111),
	(1113, 3112),
	(1114, 3113),
	(1115, 3114),
	(1116, 3115),
	(1117, 3116),
	(1118, 3117),
	(1119, 3118),
	(1120, 3119),
	(1121, 3120),
	(1122, 3121),
	(1123, 3122),
	(1124, 3123),
	(1125, 3124),
	(1126, 3125),
	(1127, 3126),
	(1128, 3127),
	(1129, 3128),
	(1130, 3129),
	(1131, 3130),
	(1132, 3131),
	(1133, 3132),
	(1134, 3133),
	(1135, 3134),
	(1136, 3135),
	(1137, 3136),
	(1138, 3137),
	(1139, 3138),
	(1140, 3139),
	(1141, 3140),
	(1142, 3141),
	(1143, 3142),
	(1144, 3143),
	(1145, 3144),
	(1146, 3145),
	(1147, 3146),
	(1148, 3147),
	(1149, 3148),
	(1150, 3149),
	(1151, 3150),
	(1152, 3151),
	(1153, 3152),
	(1154, 3153),
	(1155, 3154),
	(1156, 3155),
	(1157, 3156),
	(1158, 3157),
	(1159, 3158),
	(1160, 3159),
	(1161, 3160),
	(1162, 3161),
	(1163, 3162),
	(1164, 3163),
	(1165, 3164),
	(1166, 3165),
	(1167, 3166),
	(1168, 3167),
	(1169, 3168),
	(1170, 3169),
	(1171, 3170),
	(1172, 3171),
	(1173, 3172),
	(1174, 3173),
	(1175, 3174),
	(1176, 3175),
	(1177, 3176),
	(1178, 3177),
	(1179, 3178),
	(1180, 3179),
	(1181, 3180),
	(1182, 3181),
	(1183, 3182),
	(1184, 3183),
	(1185, 3184),
	(1186, 3185),
	(1187, 3186),
	(1188, 3187),
	(1189, 3188),
	(1190, 3189),
	(1191, 3190),
	(1192, 3191),
	(1193, 3192),
	(1194, 3193),
	(1195, 3194),
	(1196, 3195),
	(1197, 3196),
	(1198, 3197),
	(1199, 3198),
	(1200, 3199),
	(1201, 3200),
	(1202, 3201),
	(1203, 3202),
	(1204, 3203),
	(1205, 3204),
	(1206, 3205),
	(1207, 3206),
	(1208, 3207),
	(1209, 3208),
	(1210, 3209),
	(1211, 3210),
	(1212, 3211),
	(1213, 3212),
	(1214, 3213),
	(1215, 3214),
	(1216, 3215),
	(1217, 3216),
	(1218, 3217),
	(1219, 3218),
	(1220, 3219),
	(1221, 3220),
	(1222, 3221),
	(1223, 3222),
	(1224, 3223),
	(1225, 3224),
	(1226, 3225),
	(1227, 3226),
	(1228, 3227),
	(1229, 3228),
	(1230, 3229),
	(1231, 3230),
	(1232, 3231),
	(1233, 3232),
	(1234, 3233),
	(1235, 3234),
	(1236, 3235),
	(1237, 3236),
	(1238, 3237),
	(1239, 3238),
	(1240, 3239),
	(1241, 3240),
	(1242, 3241),
	(1243, 3242),
	(1244, 3243),
	(1245, 3244),
	(1246, 3245),
	(1247, 3246),
	(1248, 3247),
	(1249, 3248),
	(1250, 3249),
	(1251, 3250),
	(1252, 3251),
	(1253, 3252),
	(1254, 3253),
	(1255, 3254),
	(1256, 3255),
	(1257, 3256),
	(1258, 3257),
	(1259, 3258),
	(1260, 3259),
	(1261, 3260),
	(1262, 3261),
	(1263, 3262),
	(1264, 3263),
	(1265, 3264),
	(1266, 3265),
	(1267, 3266),
	(1268, 3267),
	(1269, 3268),
	(1270, 3269),
	(1271, 3270),
	(1272, 3271),
	(1273, 3272),
	(1274, 3273),
	(1275, 3274),
	(1276, 3275),
	(1277, 3276),
	(1278, 3277),
	(1279, 3278),
	(1280, 3279),
	(1281, 3280),
	(1282, 3281),
	(1283, 3282),
	(1284, 3283),
	(1285, 3284),
	(1286, 3285),
	(1287, 3286),
	(1288, 3287),
	(1289, 3288),
	(1290, 3289),
	(1291, 3290),
	(1292, 3291),
	(1293, 3292),
	(1294, 3293),
	(1295, 3294),
	(1296, 3295),
	(1297, 3296),
	(1298, 3297),
	(1299, 3298),
	(1300, 3299),
	(1301, 3300),
	(1302, 3301),
	(1303, 3302),
	(1304, 3303),
	(1305, 3304),
	(1306, 3305),
	(1307, 3306),
	(1308, 3307),
	(1309, 3308),
	(1310, 3309),
	(1311, 3310),
	(1312, 3311),
	(1313, 3312),
	(1314, 3313),
	(1315, 3314),
	(1316, 3315),
	(1317, 3316),
	(1318, 3317),
	(1319, 3318),
	(1320, 3319),
	(1321, 3320),
	(1322, 3321),
	(1323, 3322),
	(1324, 3323),
	(1325, 3324),
	(1326, 3325),
	(1327, 3326),
	(1328, 3327),
	(1329, 3328),
	(1330, 3329),
	(1331, 3330),
	(1332, 3331),
	(1333, 3332),
	(1334, 3333),
	(1335, 3334),
	(1336, 3335),
	(1337, 3336),
	(1338, 3337),
	(1339, 3338),
	(1340, 3339),
	(1341, 3340),
	(1342, 3341),
	(1343, 3342),
	(1344, 3343),
	(1345, 3344),
	(1346, 3345),
	(1347, 3346),
	(1348, 3347),
	(1349, 3348),
	(1350, 3349),
	(1351, 3350),
	(1352, 3351),
	(1353, 3352),
	(1354, 3353),
	(1355, 3354),
	(1356, 3355),
	(1357, 3356),
	(1358, 3357),
	(1359, 3358),
	(1360, 3359),
	(1361, 3360),
	(1362, 3361),
	(1363, 3362),
	(1364, 3363),
	(1365, 3364),
	(1366, 3365),
	(1367, 3366),
	(1368, 3367),
	(1369, 3368),
	(1370, 3369),
	(1371, 3370),
	(1372, 3371),
	(1373, 3372),
	(1374, 3373),
	(1375, 3374),
	(1376, 3375),
	(1377, 3376),
	(1378, 3377),
	(1379, 3378),
	(1380, 3379),
	(1381, 3380),
	(1382, 3381),
	(1383, 3382),
	(1384, 3383),
	(1385, 3384),
	(1386, 3385),
	(1387, 3386),
	(1388, 3387),
	(1389, 3388),
	(1390, 3389),
	(1391, 3390),
	(1392, 3391),
	(1393, 3392),
	(1394, 3393),
	(1395, 3394),
	(1396, 3395),
	(1397, 3396),
	(1398, 3397),
	(1399, 3398),
	(1400, 3399),
	(1401, 3400),
	(1402, 3401),
	(1403, 3402),
	(1404, 3403),
	(1405, 3404),
	(1406, 3405),
	(1407, 3406),
	(1408, 3407),
	(1409, 3408),
	(1410, 3409),
	(1411, 3410),
	(1412, 3411),
	(1413, 3412),
	(1414, 3413),
	(1415, 3414),
	(1416, 3415),
	(1417, 3416),
	(1418, 3417),
	(1419, 3418),
	(1420, 3419),
	(1421, 3420),
	(1422, 3421),
	(1423, 3422),
	(1424, 3423),
	(1425, 3424),
	(1426, 3425),
	(1427, 3426),
	(1428, 3427),
	(1429, 3428),
	(1430, 3429),
	(1431, 3430),
	(1432, 3431),
	(1433, 3432),
	(1434, 3433),
	(1435, 3434),
	(1436, 3435),
	(1437, 3436),
	(1438, 3437),
	(1439, 3438),
	(1440, 3439),
	(1441, 3440),
	(1442, 3441),
	(1443, 3442),
	(1444, 3443),
	(1445, 3444),
	(1446, 3445),
	(1447, 3446),
	(1448, 3447),
	(1449, 3448),
	(1450, 3449),
	(1451, 3450),
	(1452, 3451),
	(1453, 3452),
	(1454, 3453),
	(1455, 3454),
	(1456, 3455),
	(1457, 3456),
	(1458, 3457),
	(1459, 3458),
	(1460, 3459),
	(1461, 3460),
	(1462, 3461),
	(1463, 3462),
	(1464, 3463),
	(1465, 3464),
	(1466, 3465),
	(1467, 3466),
	(1468, 3467),
	(1469, 3468),
	(1470, 3469),
	(1471, 3470),
	(1472, 3471),
	(1473, 3472),
	(1474, 3473),
	(1475, 3474),
	(1476, 3475),
	(1477, 3476),
	(1478, 3477),
	(1479, 3478),
	(1480, 3479),
	(1481, 3480),
	(1482, 3481),
	(1483, 3482),
	(1484, 3483),
	(1485, 3484),
	(1486, 3485),
	(1487, 3486),
	(1488, 3487),
	(1489, 3488),
	(1490, 3489),
	(1491, 3490),
	(1492, 3491),
	(1493, 3492),
	(1494, 3493),
	(1495, 3494),
	(1496, 3495),
	(1497, 3496),
	(1498, 3497),
	(1499, 3498),
	(1500, 3499),
	(1501, 3500),
	(1502, 3501),
	(1503, 3502),
	(1504, 3503),
	(1505, 3504),
	(1506, 3505),
	(1507, 3506),
	(1508, 3507),
	(1509, 3508),
	(1510, 3509),
	(1511, 3510),
	(1512, 3511),
	(1513, 3512),
	(1514, 3513),
	(1515, 3514),
	(1516, 3515),
	(1517, 3516),
	(1518, 3517),
	(1519, 3518),
	(1520, 3519),
	(1521, 3520),
	(1522, 3521),
	(1523, 3522),
	(1524, 3523),
	(1525, 3524),
	(1526, 3525),
	(1527, 3526),
	(1528, 3527),
	(1529, 3528),
	(1530, 3529),
	(1531, 3530),
	(1532, 3531),
	(1533, 3532),
	(1534, 3533),
	(1535, 3534),
	(1536, 3535),
	(1537, 3536),
	(1538, 3537),
	(1539, 3538),
	(1540, 3539),
	(1541, 3540),
	(1542, 3541),
	(1543, 3542),
	(1544, 3543),
	(1545, 3544),
	(1546, 3545),
	(1547, 3546),
	(1548, 3547),
	(1549, 3548),
	(1550, 3549),
	(1551, 3550),
	(1552, 3551),
	(1553, 3552),
	(1554, 3553),
	(1555, 3554),
	(1556, 3555),
	(1557, 3556),
	(1558, 3557),
	(1559, 3558),
	(1560, 3559),
	(1561, 3560),
	(1562, 3561),
	(1563, 3562),
	(1564, 3563),
	(1565, 3564),
	(1566, 3565),
	(1567, 3566),
	(1568, 3567),
	(1569, 3568),
	(1570, 3569),
	(1571, 3570),
	(1572, 3571),
	(1573, 3572),
	(1574, 3573),
	(1575, 3574),
	(1576, 3575),
	(1577, 3576),
	(1578, 3577),
	(1579, 3578),
	(1580, 3579),
	(1581, 3580),
	(1582, 3581),
	(1583, 3582),
	(1584, 3583),
	(1585, 3584),
	(1586, 3585),
	(1587, 3586),
	(1588, 3587),
	(1589, 3588),
	(1590, 3589),
	(1591, 3590),
	(1592, 3591),
	(1593, 3592),
	(1594, 3593),
	(1595, 3594),
	(1596, 3595),
	(1597, 3596),
	(1598, 3597),
	(1599, 3598),
	(1600, 3599),
	(1601, 3600),
	(1602, 3601),
	(1603, 3602),
	(1604, 3603),
	(1605, 3604),
	(1606, 3605),
	(1607, 3606),
	(1608, 3607),
	(1609, 3608),
	(1610, 3609),
	(1611, 3610),
	(1612, 3611),
	(1613, 3612),
	(1614, 3613),
	(1615, 3614),
	(1616, 3615),
	(1617, 3616),
	(1618, 3617),
	(1619, 3618),
	(1620, 3619),
	(1621, 3620),
	(1622, 3621),
	(1623, 3622),
	(1624, 3623),
	(1625, 3624),
	(1626, 3625),
	(1627, 3626),
	(1628, 3627),
	(1629, 3628),
	(1630, 3629),
	(1631, 3630),
	(1632, 3631),
	(1633, 3632),
	(1634, 3633),
	(1635, 3634),
	(1636, 3635),
	(1637, 3636),
	(1638, 3637),
	(1639, 3638),
	(1640, 3639),
	(1641, 3640),
	(1642, 3641),
	(1643, 3642),
	(1644, 3643),
	(1645, 3644),
	(1646, 3645),
	(1647, 3646),
	(1648, 3647),
	(1649, 3648),
	(1650, 3649),
	(1651, 3650),
	(1652, 3651),
	(1653, 3652),
	(1654, 3653),
	(1655, 3654),
	(1656, 3655),
	(1657, 3656),
	(1658, 3657),
	(1659, 3658),
	(1660, 3659),
	(1661, 3660),
	(1662, 3661),
	(1663, 3662),
	(1664, 3663),
	(1665, 3664),
	(1666, 3665),
	(1667, 3666),
	(1668, 3667),
	(1669, 3668),
	(1670, 3669),
	(1671, 3670),
	(1672, 3671),
	(1673, 3672),
	(1674, 3673),
	(1675, 3674),
	(1676, 3675),
	(1677, 3676),
	(1678, 3677),
	(1679, 3678),
	(1680, 3679),
	(1681, 3680),
	(1682, 3681),
	(1683, 3682),
	(1684, 3683),
	(1685, 3684),
	(1686, 3685),
	(1687, 3686),
	(1688, 3687),
	(1689, 3688),
	(1690, 3689),
	(1691, 3690),
	(1692, 3691),
	(1693, 3692),
	(1694, 3693),
	(1695, 3694),
	(1696, 3695),
	(1697, 3696),
	(1698, 3697),
	(1699, 3698),
	(1700, 3699),
	(1701, 3700),
	(1702, 3701),
	(1703, 3702),
	(1704, 3703),
	(1705, 3704),
	(1706, 3705),
	(1707, 3706),
	(1708, 3707),
	(1709, 3708),
	(1710, 3709),
	(1711, 3710),
	(1712, 3711),
	(1713, 3712),
	(1714, 3713),
	(1715, 3714),
	(1716, 3715),
	(1717, 3716),
	(1718, 3717),
	(1719, 3718),
	(1720, 3719),
	(1721, 3720),
	(1722, 3721),
	(1723, 3722),
	(1724, 3723),
	(1725, 3724),
	(1726, 3725),
	(1727, 3726),
	(1728, 3727),
	(1729, 3728),
	(1730, 3729),
	(1731, 3730),
	(1732, 3731),
	(1733, 3732),
	(1734, 3733),
	(1735, 3734),
	(1736, 3735),
	(1737, 3736),
	(1738, 3737),
	(1739, 3738),
	(1740, 3739),
	(1741, 3740),
	(1742, 3741),
	(1743, 3742),
	(1744, 3743),
	(1745, 3744),
	(1746, 3745),
	(1747, 3746),
	(1748, 3747),
	(1749, 3748),
	(1750, 3749),
	(1751, 3750),
	(1752, 3751),
	(1753, 3752),
	(1754, 3753),
	(1755, 3754),
	(1756, 3755),
	(1757, 3756),
	(1758, 3757),
	(1759, 3758),
	(1760, 3759),
	(1761, 3760),
	(1762, 3761),
	(1763, 3762),
	(1764, 3763),
	(1765, 3764),
	(1766, 3765),
	(1767, 3766),
	(1768, 3767),
	(1769, 3768),
	(1770, 3769),
	(1771, 3770),
	(1772, 3771),
	(1773, 3772),
	(1774, 3773),
	(1775, 3774),
	(1776, 3775),
	(1777, 3776),
	(1778, 3777),
	(1779, 3778),
	(1780, 3779),
	(1781, 3780),
	(1782, 3781),
	(1783, 3782),
	(1784, 3783),
	(1785, 3784),
	(1786, 3785),
	(1787, 3786),
	(1788, 3787),
	(1789, 3788),
	(1790, 3789),
	(1791, 3790),
	(1792, 3791),
	(1793, 3792),
	(1794, 3793),
	(1795, 3794),
	(1796, 3795),
	(1797, 3796),
	(1798, 3797),
	(1799, 3798),
	(1800, 3799),
	(1801, 3800),
	(1802, 3801),
	(1803, 3802),
	(1804, 3803),
	(1805, 3804),
	(1806, 3805),
	(1807, 3806),
	(1808, 3807),
	(1809, 3808),
	(1810, 3809),
	(1811, 3810),
	(1812, 3811),
	(1813, 3812),
	(1814, 3813),
	(1815, 3814),
	(1816, 3815),
	(1817, 3816),
	(1818, 3817),
	(1819, 3818),
	(1820, 3819),
	(1821, 3820),
	(1822, 3821),
	(1823, 3822),
	(1824, 3823),
	(1825, 3824),
	(1826, 3825),
	(1827, 3826),
	(1828, 3827),
	(1829, 3828),
	(1830, 3829),
	(1831, 3830),
	(1832, 3831),
	(1833, 3832),
	(1834, 3833),
	(1835, 3834),
	(1836, 3835),
	(1837, 3836),
	(1838, 3837),
	(1839, 3838),
	(1840, 3839),
	(1841, 3840),
	(1842, 3841),
	(1843, 3842),
	(1844, 3843),
	(1845, 3844),
	(1846, 3845),
	(1847, 3846),
	(1848, 3847),
	(1849, 3848),
	(1850, 3849),
	(1851, 3850),
	(1852, 3851),
	(1853, 3852),
	(1854, 3853),
	(1855, 3854),
	(1856, 3855),
	(1857, 3856),
	(1858, 3857),
	(1859, 3858),
	(1860, 3859),
	(1861, 3860),
	(1862, 3861),
	(1863, 3862),
	(1864, 3863),
	(1865, 3864),
	(1866, 3865),
	(1867, 3866),
	(1868, 3867),
	(1869, 3868),
	(1870, 3869),
	(1871, 3870),
	(1872, 3871),
	(1873, 3872),
	(1874, 3873),
	(1875, 3874),
	(1876, 3875),
	(1877, 3876),
	(1878, 3877),
	(1879, 3878),
	(1880, 3879),
	(1881, 3880),
	(1882, 3881),
	(1883, 3882),
	(1884, 3883),
	(1885, 3884),
	(1886, 3885),
	(1887, 3886),
	(1888, 3887),
	(1889, 3888),
	(1890, 3889),
	(1891, 3890),
	(1892, 3891),
	(1893, 3892),
	(1894, 3893),
	(1895, 3894),
	(1896, 3895),
	(1897, 3896),
	(1898, 3897),
	(1899, 3898),
	(1900, 3899),
	(1901, 3900),
	(1902, 3901),
	(1903, 3902),
	(1904, 3903),
	(1905, 3904),
	(1906, 3905),
	(1907, 3906),
	(1908, 3907),
	(1909, 3908),
	(1910, 3909),
	(1911, 3910),
	(1912, 3911),
	(1913, 3912),
	(1914, 3913),
	(1915, 3914),
	(1916, 3915),
	(1917, 3916),
	(1918, 3917),
	(1919, 3918),
	(1920, 3919),
	(1921, 3920),
	(1922, 3921),
	(1923, 3922),
	(1924, 3923),
	(1925, 3924),
	(1926, 3925),
	(1927, 3926),
	(1928, 3927),
	(1929, 3928),
	(1930, 3929),
	(1931, 3930),
	(1932, 3931),
	(1933, 3932),
	(1934, 3933),
	(1935, 3934),
	(1936, 3935),
	(1937, 3936),
	(1938, 3937),
	(1939, 3938),
	(1940, 3939),
	(1941, 3940),
	(1942, 3941),
	(1943, 3942),
	(1944, 3943),
	(1945, 3944),
	(1946, 3945),
	(1947, 3946),
	(1948, 3947),
	(1949, 3948),
	(1950, 3949),
	(1951, 3950),
	(1952, 3951),
	(1953, 3952),
	(1954, 3953),
	(1955, 3954),
	(1956, 3955),
	(1957, 3956),
	(1958, 3957),
	(1959, 3958),
	(1960, 3959),
	(1961, 3960),
	(1962, 3961),
	(1963, 3962),
	(1964, 3963),
	(1965, 3964),
	(1966, 3965),
	(1967, 3966),
	(1968, 3967),
	(1969, 3968),
	(1970, 3969),
	(1971, 3970),
	(1972, 3971),
	(1973, 3972),
	(1974, 3973),
	(1975, 3974),
	(1976, 3975),
	(1977, 3976),
	(1978, 3977),
	(1979, 3978),
	(1980, 3979),
	(1981, 3980),
	(1982, 3981),
	(1983, 3982),
	(1984, 3983),
	(1985, 3984),
	(1986, 3985),
	(1987, 3986),
	(1988, 3987),
	(1989, 3988),
	(1990, 3989),
	(1991, 3990),
	(1992, 3991),
	(1993, 3992),
	(1994, 3993),
	(1995, 3994),
	(1996, 3995),
	(1997, 3996),
	(1998, 3997),
	(1999, 3998),
	(2000, 3999);
/*!40000 ALTER TABLE `anios` ENABLE KEYS */;

-- Volcando estructura para tabla bd_proyecto_nuevo.bovedas
DROP TABLE IF EXISTS `bovedas`;
CREATE TABLE IF NOT EXISTS `bovedas` (
  `id` int(11) NOT NULL AUTO_INCREMENT,
  `numeracion` int(11) DEFAULT NULL COMMENT 'numero de boveda',
  `fk_idpanteon` int(11) DEFAULT NULL,
  `estado` int(11) DEFAULT '1',
  PRIMARY KEY (`id`) USING BTREE,
  KEY `fk_idpanteon` (`fk_idpanteon`) USING BTREE,
  CONSTRAINT `bovedas_ibfk_1` FOREIGN KEY (`fk_idpanteon`) REFERENCES `panteones` (`id`) ON UPDATE CASCADE
) ENGINE=InnoDB AUTO_INCREMENT=10 DEFAULT CHARSET=utf8 ROW_FORMAT=COMPACT;

-- Volcando datos para la tabla bd_proyecto_nuevo.bovedas: ~7 rows (aproximadamente)
/*!40000 ALTER TABLE `bovedas` DISABLE KEYS */;
INSERT INTO `bovedas` (`id`, `numeracion`, `fk_idpanteon`, `estado`) VALUES
	(2, 2112, 5, 0),
	(4, 1, 5, 0),
	(5, 2, 5, 0),
	(6, 3, 5, 0),
	(7, 4, 5, 0),
	(8, 5, 5, 0),
	(9, 112, 5, 0);
/*!40000 ALTER TABLE `bovedas` ENABLE KEYS */;

-- Volcando estructura para tabla bd_proyecto_nuevo.cementerios
DROP TABLE IF EXISTS `cementerios`;
CREATE TABLE IF NOT EXISTS `cementerios` (
  `id` int(11) NOT NULL AUTO_INCREMENT,
  `fk_idparroquia` int(11) DEFAULT NULL,
  `nombre` varchar(50) DEFAULT NULL COMMENT 'nombre cementerio',
  `direccion` varchar(20) DEFAULT NULL COMMENT 'direccion del cementerio',
  `telefono1` varchar(20) DEFAULT NULL COMMENT 'telefono contacto cementerio',
  `telefono2` varchar(20) DEFAULT NULL,
  `email` varchar(40) DEFAULT NULL,
  PRIMARY KEY (`id`) USING BTREE,
  KEY `fk_idparroquia` (`fk_idparroquia`) USING BTREE,
  CONSTRAINT `cementerios_ibfk_1` FOREIGN KEY (`fk_idparroquia`) REFERENCES `parroquias` (`id`) ON UPDATE CASCADE
) ENGINE=InnoDB AUTO_INCREMENT=2 DEFAULT CHARSET=utf8 ROW_FORMAT=COMPACT;

-- Volcando datos para la tabla bd_proyecto_nuevo.cementerios: ~1 rows (aproximadamente)
/*!40000 ALTER TABLE `cementerios` DISABLE KEYS */;
INSERT INTO `cementerios` (`id`, `fk_idparroquia`, `nombre`, `direccion`, `telefono1`, `telefono2`, `email`) VALUES
	(1, 6, 'Católico del Municipio De Floridablanca', 'cra 13', '6550127', '', 'rdhernandez60@misena.edu.co');
/*!40000 ALTER TABLE `cementerios` ENABLE KEYS */;

-- Volcando estructura para tabla bd_proyecto_nuevo.ci_sessions
DROP TABLE IF EXISTS `ci_sessions`;
CREATE TABLE IF NOT EXISTS `ci_sessions` (
  `id` varchar(128) NOT NULL,
  `ip_address` varchar(45) NOT NULL,
  `timestamp` int(10) unsigned NOT NULL DEFAULT '0',
  `data` blob NOT NULL,
  KEY `ci_sessions_timestamp` (`timestamp`)
) ENGINE=InnoDB DEFAULT CHARSET=utf8;

-- Volcando datos para la tabla bd_proyecto_nuevo.ci_sessions: ~9 rows (aproximadamente)
/*!40000 ALTER TABLE `ci_sessions` DISABLE KEYS */;
INSERT INTO `ci_sessions` (`id`, `ip_address`, `timestamp`, `data`) VALUES
	('7baplledrk7ao585op3obgi6f3shn9k1', '172.16.4.61', 1554218960, _binary 0x5F5F63695F6C6173745F726567656E65726174657C693A313535343231373838363B555345525F4C4F474745447C623A313B5549447C733A313A2232223B555345525F524F4C7C733A313A2231223B555345525F524F4C5F4E414D457C733A31333A2241646D696E6973747261646F72223B555345525F4E414D457C733A323A223132223B555345525F4150454C4C49444F537C733A323A223132223B555345525F4C4F47494E7C733A373A2261646D696E3237223B555345525F454D41494C7C733A32363A2272646865726E616E64657A3033303240676D61696C2E636F6D31223B555345525F444F43554D454E544F7C733A363A22313233313233223B),
	('70nv3k3lngo0lidgc23froahabp016fv', '172.16.4.61', 1554219244, _binary 0x5F5F63695F6C6173745F726567656E65726174657C693A313535343231383936323B555345525F4C4F474745447C623A313B5549447C733A313A2232223B555345525F524F4C7C733A313A2231223B555345525F524F4C5F4E414D457C733A31333A2241646D696E6973747261646F72223B555345525F4E414D457C733A323A223132223B555345525F4150454C4C49444F537C733A323A223132223B555345525F4C4F47494E7C733A373A2261646D696E3237223B555345525F454D41494C7C733A32363A2272646865726E616E64657A3033303240676D61696C2E636F6D31223B555345525F444F43554D454E544F7C733A363A22313233313233223B),
	('ie7jg5l6vgsvr2muqfcsr0t50mfkk8am', '172.16.4.61', 1554219621, _binary 0x5F5F63695F6C6173745F726567656E65726174657C693A313535343231393335303B555345525F4C4F474745447C623A313B5549447C733A313A2232223B555345525F524F4C7C733A313A2231223B555345525F524F4C5F4E414D457C733A31333A2241646D696E6973747261646F72223B555345525F4E414D457C733A323A223132223B555345525F4150454C4C49444F537C733A323A223132223B555345525F4C4F47494E7C733A373A2261646D696E3237223B555345525F454D41494C7C733A32363A2272646865726E616E64657A3033303240676D61696C2E636F6D31223B555345525F444F43554D454E544F7C733A363A22313233313233223B),
	('otf9jhnvg3cd9eddm3a1v2qa8vc1krnd', '172.16.4.61', 1554219858, _binary 0x5F5F63695F6C6173745F726567656E65726174657C693A313535343231393835373B555345525F4C4F474745447C623A313B5549447C733A313A2232223B555345525F524F4C7C733A313A2231223B555345525F524F4C5F4E414D457C733A31333A2241646D696E6973747261646F72223B555345525F4E414D457C733A323A223132223B555345525F4150454C4C49444F537C733A323A223132223B555345525F4C4F47494E7C733A373A2261646D696E3237223B555345525F454D41494C7C733A32363A2272646865726E616E64657A3033303240676D61696C2E636F6D31223B555345525F444F43554D454E544F7C733A363A22313233313233223B),
	('bjc9kn23i31pbfibhkqv9q2dto7dhanf', '172.16.4.61', 1554220320, _binary 0x5F5F63695F6C6173745F726567656E65726174657C693A313535343232303139373B555345525F4C4F474745447C623A313B5549447C733A313A2232223B555345525F524F4C7C733A313A2231223B555345525F524F4C5F4E414D457C733A31333A2241646D696E6973747261646F72223B555345525F4E414D457C733A323A223132223B555345525F4150454C4C49444F537C733A323A223132223B555345525F4C4F47494E7C733A373A2261646D696E3237223B555345525F454D41494C7C733A32363A2272646865726E616E64657A3033303240676D61696C2E636F6D31223B555345525F444F43554D454E544F7C733A363A22313233313233223B),
	('5pka9ppqglq86c72hkt6dfdk9aos3sav', '172.16.4.61', 1554221507, _binary 0x5F5F63695F6C6173745F726567656E65726174657C693A313535343232303531393B555345525F4C4F474745447C623A313B5549447C733A313A2232223B555345525F524F4C7C733A313A2231223B555345525F524F4C5F4E414D457C733A31333A2241646D696E6973747261646F72223B555345525F4E414D457C733A323A223132223B555345525F4150454C4C49444F537C733A323A223132223B555345525F4C4F47494E7C733A373A2261646D696E3237223B555345525F454D41494C7C733A32363A2272646865726E616E64657A3033303240676D61696C2E636F6D31223B555345525F444F43554D454E544F7C733A363A22313233313233223B),
	('dsgbjvmpkhp0dc3mat293jsaia6lgfmr', '172.16.4.61', 1554222103, _binary 0x5F5F63695F6C6173745F726567656E65726174657C693A313535343232313830373B555345525F4C4F474745447C623A313B5549447C733A313A2232223B555345525F524F4C7C733A313A2231223B555345525F524F4C5F4E414D457C733A31333A2241646D696E6973747261646F72223B555345525F4E414D457C733A323A223132223B555345525F4150454C4C49444F537C733A323A223132223B555345525F4C4F47494E7C733A373A2261646D696E3237223B555345525F454D41494C7C733A32363A2272646865726E616E64657A3033303240676D61696C2E636F6D31223B555345525F444F43554D454E544F7C733A363A22313233313233223B),
	('3s0dou3ja1cdqjbi9mhchkd1p79o6tg8', '172.16.4.61', 1554222668, _binary 0x5F5F63695F6C6173745F726567656E65726174657C693A313535343232323332373B555345525F4C4F474745447C623A313B5549447C733A313A2232223B555345525F524F4C7C733A313A2231223B555345525F524F4C5F4E414D457C733A31333A2241646D696E6973747261646F72223B555345525F4E414D457C733A323A223132223B555345525F4150454C4C49444F537C733A323A223132223B555345525F4C4F47494E7C733A373A2261646D696E3237223B555345525F454D41494C7C733A32363A2272646865726E616E64657A3033303240676D61696C2E636F6D31223B555345525F444F43554D454E544F7C733A363A22313233313233223B),
	('2lhugeadbgu2k5ffgjerfdvv3rmsp77t', '172.16.4.61', 1554223967, _binary 0x5F5F63695F6C6173745F726567656E65726174657C693A313535343232333935333B555345525F4C4F474745447C623A313B5549447C733A313A2232223B555345525F524F4C7C733A313A2231223B555345525F524F4C5F4E414D457C733A31333A2241646D696E6973747261646F72223B555345525F4E414D457C733A323A223132223B555345525F4150454C4C49444F537C733A323A223132223B555345525F4C4F47494E7C733A373A2261646D696E3237223B555345525F454D41494C7C733A32363A2272646865726E616E64657A3033303240676D61696C2E636F6D31223B555345525F444F43554D454E544F7C733A363A22313233313233223B);
/*!40000 ALTER TABLE `ci_sessions` ENABLE KEYS */;

-- Volcando estructura para tabla bd_proyecto_nuevo.contratos
DROP TABLE IF EXISTS `contratos`;
CREATE TABLE IF NOT EXISTS `contratos` (
  `id` int(11) NOT NULL AUTO_INCREMENT,
  `fecha_inicio` date DEFAULT NULL COMMENT 'fecha contrato',
  `lapida` bit(1) DEFAULT NULL COMMENT 'lapida contrato 1 si 0 no',
  `fk_iddifunto` int(11) DEFAULT NULL,
  `fk_idpariente` int(11) DEFAULT NULL,
  `fk_idboveda` int(11) DEFAULT NULL COMMENT 'boveda que ocupa el difunto',
  `plazo` int(11) DEFAULT NULL COMMENT 'plazo para desocupar la boveda',
  `fk_idtipocontrato` int(11) unsigned DEFAULT NULL COMMENT 'T-tumba///E-exhumacion',
  `fecha_fin` date DEFAULT NULL,
  `valor` float NOT NULL,
  `observacion` longtext,
  `id_contrato_anterior` int(11) unsigned DEFAULT '0' COMMENT 'el numero de contrato de la tumba, solo se usa en caso de ser contrato de exhumacion',
  `exhumacion` int(11) unsigned DEFAULT '0',
  `fecha_exhumacion` date DEFAULT NULL,
  `valor_exhumacion` int(10) unsigned DEFAULT NULL,
  `recibo_exhumacion` int(10) unsigned DEFAULT NULL,
  `estado` int(10) unsigned DEFAULT '1',
  `traslados` int(11) NOT NULL DEFAULT '0',
  `funeraria` varchar(100) DEFAULT NULL,
  PRIMARY KEY (`id`) USING BTREE,
  KEY `fk_iddifunto` (`fk_iddifunto`) USING BTREE,
  KEY `fk_idpariente` (`fk_idpariente`) USING BTREE,
  KEY `fk_boveda` (`fk_idboveda`) USING BTREE,
  KEY `fk_idtipocontrato` (`fk_idtipocontrato`),
  CONSTRAINT `contratos_ibfk_1` FOREIGN KEY (`fk_iddifunto`) REFERENCES `difuntos` (`id`) ON UPDATE CASCADE,
  CONSTRAINT `contratos_ibfk_2` FOREIGN KEY (`fk_idpariente`) REFERENCES `parientes` (`id`) ON UPDATE CASCADE,
  CONSTRAINT `contratos_ibfk_3` FOREIGN KEY (`fk_idboveda`) REFERENCES `bovedas` (`id`) ON UPDATE CASCADE,
  CONSTRAINT `contratos_ibfk_5` FOREIGN KEY (`fk_idtipocontrato`) REFERENCES `tipos_contratos` (`id`) ON UPDATE CASCADE
) ENGINE=InnoDB AUTO_INCREMENT=34 DEFAULT CHARSET=utf8 ROW_FORMAT=COMPACT;

-- Volcando datos para la tabla bd_proyecto_nuevo.contratos: ~3 rows (aproximadamente)
/*!40000 ALTER TABLE `contratos` DISABLE KEYS */;
INSERT INTO `contratos` (`id`, `fecha_inicio`, `lapida`, `fk_iddifunto`, `fk_idpariente`, `fk_idboveda`, `plazo`, `fk_idtipocontrato`, `fecha_fin`, `valor`, `observacion`, `id_contrato_anterior`, `exhumacion`, `fecha_exhumacion`, `valor_exhumacion`, `recibo_exhumacion`, `estado`, `traslados`, `funeraria`) VALUES
	(31, '2014-04-01', b'1', 14, 14, 7, 0, 3, '2018-04-01', 150000, 'Se entrega con lapida', 0, 0, NULL, NULL, NULL, 1, 0, 'Los olivos'),
	(32, '2014-04-02', b'1', 15, 15, 8, 0, 4, '2019-04-02', 1, '1', 0, 0, NULL, NULL, NULL, 1, 0, '1'),
	(33, '2014-04-02', b'1', 16, 16, 9, 0, 3, '2029-04-02', 21, '21', 0, 0, NULL, NULL, NULL, 1, 0, '12');
/*!40000 ALTER TABLE `contratos` ENABLE KEYS */;

-- Volcando estructura para tabla bd_proyecto_nuevo.cotizaciones
DROP TABLE IF EXISTS `cotizaciones`;
CREATE TABLE IF NOT EXISTS `cotizaciones` (
  `id` int(11) unsigned NOT NULL AUTO_INCREMENT,
  `nombres` varchar(100) NOT NULL,
  `apellidos` varchar(100) NOT NULL,
  `nombres_pariente` varchar(100) NOT NULL,
  `apellidos_pariente` varchar(100) NOT NULL,
  `exhumacion` int(1) unsigned NOT NULL DEFAULT '0',
  `fk_idboveda` int(11) NOT NULL,
  `fk_idtipocontrato` int(11) unsigned NOT NULL,
  `valor` int(11) unsigned NOT NULL,
  `valor_exhumacion` int(11) unsigned DEFAULT NULL,
  `lapida` int(11) unsigned DEFAULT NULL,
  PRIMARY KEY (`id`),
  KEY `fk_idboveda` (`fk_idboveda`),
  KEY `fk_idtipocontrato` (`fk_idtipocontrato`),
  CONSTRAINT `cotizaciones_ibfk_1` FOREIGN KEY (`fk_idboveda`) REFERENCES `bovedas` (`id`) ON UPDATE CASCADE,
  CONSTRAINT `cotizaciones_ibfk_2` FOREIGN KEY (`fk_idtipocontrato`) REFERENCES `tipos_contratos` (`id`)
) ENGINE=InnoDB AUTO_INCREMENT=5 DEFAULT CHARSET=latin1;

-- Volcando datos para la tabla bd_proyecto_nuevo.cotizaciones: ~4 rows (aproximadamente)
/*!40000 ALTER TABLE `cotizaciones` DISABLE KEYS */;
INSERT INTO `cotizaciones` (`id`, `nombres`, `apellidos`, `nombres_pariente`, `apellidos_pariente`, `exhumacion`, `fk_idboveda`, `fk_idtipocontrato`, `valor`, `valor_exhumacion`, `lapida`) VALUES
	(1, 'nombres', 'apellidos', 'nombres parientes', 'apellidos parientes', 1, 2, 3, 0, NULL, NULL),
	(2, 'Nombre', 'aapellido', 'nnombrepariente', 'apellidopariente', 1, 2, 1, 123123, 3000, 1),
	(3, 'asdasd', 'asdasd', 'adsasd', 'asd', 0, 2, 1, 123123, 0, 1),
	(4, 'as', 'as', 'as', 'as', 0, 2, 1, 12, 0, 1);
/*!40000 ALTER TABLE `cotizaciones` ENABLE KEYS */;

-- Volcando estructura para tabla bd_proyecto_nuevo.difuntos
DROP TABLE IF EXISTS `difuntos`;
CREATE TABLE IF NOT EXISTS `difuntos` (
  `id` int(11) NOT NULL AUTO_INCREMENT,
  `nombres` varchar(80) DEFAULT NULL,
  `apellidos` varchar(80) DEFAULT NULL,
  `fk_idtipodocumento` int(10) unsigned DEFAULT NULL,
  `documento` varchar(25) DEFAULT NULL,
  `fecha_nacimiento` date DEFAULT NULL,
  `fecha_defuncion` date DEFAULT NULL,
  PRIMARY KEY (`id`) USING BTREE,
  KEY `fk_idtipodocumento` (`fk_idtipodocumento`),
  CONSTRAINT `difuntos_ibfk_1` FOREIGN KEY (`fk_idtipodocumento`) REFERENCES `tipos_documentos` (`id`) ON UPDATE CASCADE
) ENGINE=InnoDB AUTO_INCREMENT=17 DEFAULT CHARSET=utf8 ROW_FORMAT=COMPACT;

-- Volcando datos para la tabla bd_proyecto_nuevo.difuntos: ~3 rows (aproximadamente)
/*!40000 ALTER TABLE `difuntos` DISABLE KEYS */;
INSERT INTO `difuntos` (`id`, `nombres`, `apellidos`, `fk_idtipodocumento`, `documento`, `fecha_nacimiento`, `fecha_defuncion`) VALUES
	(14, 'MIGUEL FABIAN', 'PEREZ GONZALES', 3, '1589635795', '1995-04-03', '2019-04-02'),
	(15, 'MIGUEL FABIAN', 'asd', 1, '13', '2019-04-11', '2019-04-16'),
	(16, 'MIGUEL FABIAN', 'a', 1, '1', '2019-04-23', '2019-05-03');
/*!40000 ALTER TABLE `difuntos` ENABLE KEYS */;

-- Volcando estructura para tabla bd_proyecto_nuevo.exhumaciones
DROP TABLE IF EXISTS `exhumaciones`;
CREATE TABLE IF NOT EXISTS `exhumaciones` (
  `id` int(11) NOT NULL AUTO_INCREMENT,
  `fk_idcontrato` int(11) DEFAULT NULL,
  `fk_idboveda` int(11) DEFAULT NULL,
  `valor` float(11,0) DEFAULT NULL COMMENT 'cementerio recepcion',
  `fecha` date DEFAULT NULL COMMENT 'tipo de sepultura a donde se envia',
  PRIMARY KEY (`id`) USING BTREE,
  KEY `fk_idcontrato` (`fk_idcontrato`),
  KEY `fk_idboveda` (`fk_idboveda`),
  CONSTRAINT `exhumaciones_ibfk_1` FOREIGN KEY (`fk_idboveda`) REFERENCES `bovedas` (`id`),
  CONSTRAINT `exhumaciones_ibfk_2` FOREIGN KEY (`fk_idcontrato`) REFERENCES `contratos` (`id`)
) ENGINE=InnoDB DEFAULT CHARSET=utf8 ROW_FORMAT=COMPACT;

-- Volcando datos para la tabla bd_proyecto_nuevo.exhumaciones: ~0 rows (aproximadamente)
/*!40000 ALTER TABLE `exhumaciones` DISABLE KEYS */;
/*!40000 ALTER TABLE `exhumaciones` ENABLE KEYS */;

-- Volcando estructura para tabla bd_proyecto_nuevo.pagos
DROP TABLE IF EXISTS `pagos`;
CREATE TABLE IF NOT EXISTS `pagos` (
  `id` int(11) unsigned NOT NULL AUTO_INCREMENT,
  `fk_idcontrato` int(11) DEFAULT NULL,
  `valor` float DEFAULT NULL,
  PRIMARY KEY (`id`),
  KEY `fk_idsepultura` (`fk_idcontrato`) USING BTREE,
  CONSTRAINT `pagos_ibfk_1` FOREIGN KEY (`fk_idcontrato`) REFERENCES `contratos` (`id`) ON UPDATE CASCADE
) ENGINE=InnoDB AUTO_INCREMENT=6 DEFAULT CHARSET=utf8 ROW_FORMAT=COMPACT;

-- Volcando datos para la tabla bd_proyecto_nuevo.pagos: ~3 rows (aproximadamente)
/*!40000 ALTER TABLE `pagos` DISABLE KEYS */;
INSERT INTO `pagos` (`id`, `fk_idcontrato`, `valor`) VALUES
	(1, 33, 120000),
	(2, 33, 60000),
	(4, 32, 50000);
/*!40000 ALTER TABLE `pagos` ENABLE KEYS */;

-- Volcando estructura para tabla bd_proyecto_nuevo.pagos_has_anios
DROP TABLE IF EXISTS `pagos_has_anios`;
CREATE TABLE IF NOT EXISTS `pagos_has_anios` (
  `id` int(10) unsigned NOT NULL AUTO_INCREMENT,
  `fk_idanios` int(10) unsigned DEFAULT NULL,
  `fk_idpagos` int(10) unsigned DEFAULT NULL,
  PRIMARY KEY (`id`),
  KEY `fk_idanios` (`fk_idanios`),
  KEY `fk_idpagos` (`fk_idpagos`),
  CONSTRAINT `pagos_has_anios_ibfk_2` FOREIGN KEY (`fk_idpagos`) REFERENCES `pagos` (`id`) ON UPDATE CASCADE,
  CONSTRAINT `pagos_has_anios_ibfk_1` FOREIGN KEY (`fk_idanios`) REFERENCES `anios` (`id`) ON UPDATE CASCADE
) ENGINE=InnoDB AUTO_INCREMENT=8 DEFAULT CHARSET=latin1;

-- Volcando datos para la tabla bd_proyecto_nuevo.pagos_has_anios: ~6 rows (aproximadamente)
/*!40000 ALTER TABLE `pagos_has_anios` DISABLE KEYS */;
INSERT INTO `pagos_has_anios` (`id`, `fk_idanios`, `fk_idpagos`) VALUES
	(1, 1, 1),
	(2, 2, 1),
	(3, 3, 2),
	(4, 20, 2),
	(5, 19, 4),
	(6, 20, 4);
/*!40000 ALTER TABLE `pagos_has_anios` ENABLE KEYS */;

-- Volcando estructura para tabla bd_proyecto_nuevo.panteones
DROP TABLE IF EXISTS `panteones`;
CREATE TABLE IF NOT EXISTS `panteones` (
  `id` int(11) NOT NULL AUTO_INCREMENT,
  `nombre` varchar(50) DEFAULT NULL,
  `fk_idparroquia` int(11) DEFAULT NULL,
  `minimo` int(11) DEFAULT NULL COMMENT 'minimo numero de la boveda',
  `maximo` int(11) DEFAULT NULL COMMENT 'maximo numero de la boveda',
  `ancho` int(10) unsigned DEFAULT NULL,
  `alto` int(10) unsigned DEFAULT NULL,
  `osario` int(1) DEFAULT NULL,
  `cenizario` int(1) DEFAULT NULL,
  `tumba` int(1) DEFAULT NULL,
  PRIMARY KEY (`id`) USING BTREE,
  KEY `fk_idparroquia` (`fk_idparroquia`) USING BTREE,
  CONSTRAINT `panteones_ibfk_1` FOREIGN KEY (`fk_idparroquia`) REFERENCES `parroquias` (`id`) ON UPDATE CASCADE
) ENGINE=InnoDB AUTO_INCREMENT=6 DEFAULT CHARSET=utf8 ROW_FORMAT=COMPACT;

-- Volcando datos para la tabla bd_proyecto_nuevo.panteones: ~1 rows (aproximadamente)
/*!40000 ALTER TABLE `panteones` DISABLE KEYS */;
INSERT INTO `panteones` (`id`, `nombre`, `fk_idparroquia`, `minimo`, `maximo`, `ancho`, `alto`, `osario`, `cenizario`, `tumba`) VALUES
	(5, '7 SAN PABLO', 6, 0, 12, 0, 0, 1, 1, 1);
/*!40000 ALTER TABLE `panteones` ENABLE KEYS */;

-- Volcando estructura para tabla bd_proyecto_nuevo.parientes
DROP TABLE IF EXISTS `parientes`;
CREATE TABLE IF NOT EXISTS `parientes` (
  `id` int(11) NOT NULL AUTO_INCREMENT,
  `nombres` varchar(80) DEFAULT NULL,
  `apellidos` varchar(80) DEFAULT NULL,
  `fk_idtipodocumento` int(10) unsigned DEFAULT NULL,
  `lugar_expedicion` varchar(50) DEFAULT NULL,
  `documento` varchar(25) DEFAULT NULL,
  `parentezco` varchar(50) DEFAULT NULL,
  PRIMARY KEY (`id`) USING BTREE,
  KEY `fk_idtipodocumento` (`fk_idtipodocumento`),
  CONSTRAINT `parientes_ibfk_1` FOREIGN KEY (`fk_idtipodocumento`) REFERENCES `tipos_documentos` (`id`) ON UPDATE CASCADE
) ENGINE=InnoDB AUTO_INCREMENT=17 DEFAULT CHARSET=utf8 ROW_FORMAT=COMPACT;

-- Volcando datos para la tabla bd_proyecto_nuevo.parientes: ~3 rows (aproximadamente)
/*!40000 ALTER TABLE `parientes` DISABLE KEYS */;
INSERT INTO `parientes` (`id`, `nombres`, `apellidos`, `fk_idtipodocumento`, `lugar_expedicion`, `documento`, `parentezco`) VALUES
	(14, 'RICARDO VICENTE', 'SANCHEZ', 3, 'Piedecuesta', '5963269853', 'Padre'),
	(15, '13', '13', 1, '1', '1', '1'),
	(16, '12', '2', 1, '1', '1', '1');
/*!40000 ALTER TABLE `parientes` ENABLE KEYS */;

-- Volcando estructura para tabla bd_proyecto_nuevo.parroquias
DROP TABLE IF EXISTS `parroquias`;
CREATE TABLE IF NOT EXISTS `parroquias` (
  `id` int(11) NOT NULL AUTO_INCREMENT,
  `nombre` varchar(50) DEFAULT NULL,
  `nombre_parroco` varchar(50) DEFAULT NULL,
  `telefono` varchar(20) DEFAULT NULL,
  `direccion` varchar(30) DEFAULT NULL,
  `osario` int(1) DEFAULT NULL,
  `cenizario` int(1) DEFAULT NULL,
  `cementerio` int(1) DEFAULT NULL,
  `nit` varchar(25) DEFAULT NULL,
  PRIMARY KEY (`id`) USING BTREE
) ENGINE=InnoDB AUTO_INCREMENT=7 DEFAULT CHARSET=utf8 ROW_FORMAT=COMPACT;

-- Volcando datos para la tabla bd_proyecto_nuevo.parroquias: ~1 rows (aproximadamente)
/*!40000 ALTER TABLE `parroquias` DISABLE KEYS */;
INSERT INTO `parroquias` (`id`, `nombre`, `nombre_parroco`, `telefono`, `direccion`, `osario`, `cenizario`, `cementerio`, `nit`) VALUES
	(6, 'SAN JUAN NEPOMUCENO DE FLORIDABLANCA', 'ELMER MAURICIO JAIMES PEDRAZA', '123', '13', 1, 1, 1, '213213');
/*!40000 ALTER TABLE `parroquias` ENABLE KEYS */;

-- Volcando estructura para tabla bd_proyecto_nuevo.roles
DROP TABLE IF EXISTS `roles`;
CREATE TABLE IF NOT EXISTS `roles` (
  `id` int(10) NOT NULL AUTO_INCREMENT,
  `nombre` varchar(80) DEFAULT NULL,
  PRIMARY KEY (`id`) USING BTREE
) ENGINE=InnoDB AUTO_INCREMENT=3 DEFAULT CHARSET=utf8 ROW_FORMAT=COMPACT;

-- Volcando datos para la tabla bd_proyecto_nuevo.roles: ~2 rows (aproximadamente)
/*!40000 ALTER TABLE `roles` DISABLE KEYS */;
INSERT INTO `roles` (`id`, `nombre`) VALUES
	(1, 'Administrador'),
	(2, 'Visitante');
/*!40000 ALTER TABLE `roles` ENABLE KEYS */;

-- Volcando estructura para tabla bd_proyecto_nuevo.sepulturas
DROP TABLE IF EXISTS `sepulturas`;
CREATE TABLE IF NOT EXISTS `sepulturas` (
  `id` int(11) NOT NULL AUTO_INCREMENT,
  `nombre` varchar(50) DEFAULT NULL,
  `estado` int(11) DEFAULT '1' COMMENT '1-activo///0-inactivo',
  PRIMARY KEY (`id`) USING BTREE
) ENGINE=InnoDB AUTO_INCREMENT=3 DEFAULT CHARSET=utf8 ROW_FORMAT=COMPACT;

-- Volcando datos para la tabla bd_proyecto_nuevo.sepulturas: ~2 rows (aproximadamente)
/*!40000 ALTER TABLE `sepulturas` DISABLE KEYS */;
INSERT INTO `sepulturas` (`id`, `nombre`, `estado`) VALUES
	(1, 'SEPULTURA 12', 1),
	(2, 'or1', 1);
/*!40000 ALTER TABLE `sepulturas` ENABLE KEYS */;

-- Volcando estructura para tabla bd_proyecto_nuevo.tipos_contratos
DROP TABLE IF EXISTS `tipos_contratos`;
CREATE TABLE IF NOT EXISTS `tipos_contratos` (
  `id` int(10) unsigned NOT NULL AUTO_INCREMENT,
  `nombre` varchar(50) DEFAULT NULL,
  PRIMARY KEY (`id`)
) ENGINE=InnoDB AUTO_INCREMENT=5 DEFAULT CHARSET=latin1;

-- Volcando datos para la tabla bd_proyecto_nuevo.tipos_contratos: ~3 rows (aproximadamente)
/*!40000 ALTER TABLE `tipos_contratos` DISABLE KEYS */;
INSERT INTO `tipos_contratos` (`id`, `nombre`) VALUES
	(1, 'T-tumba'),
	(3, 'Cenizarios'),
	(4, 'Osarios');
/*!40000 ALTER TABLE `tipos_contratos` ENABLE KEYS */;

-- Volcando estructura para tabla bd_proyecto_nuevo.tipos_documentos
DROP TABLE IF EXISTS `tipos_documentos`;
CREATE TABLE IF NOT EXISTS `tipos_documentos` (
  `id` int(10) unsigned NOT NULL AUTO_INCREMENT,
  `nombre` varchar(50) NOT NULL,
  PRIMARY KEY (`id`)
) ENGINE=InnoDB AUTO_INCREMENT=4 DEFAULT CHARSET=latin1;

-- Volcando datos para la tabla bd_proyecto_nuevo.tipos_documentos: ~3 rows (aproximadamente)
/*!40000 ALTER TABLE `tipos_documentos` DISABLE KEYS */;
INSERT INTO `tipos_documentos` (`id`, `nombre`) VALUES
	(1, 'Registro civil'),
	(2, 'T.I.'),
	(3, 'C.C.');
/*!40000 ALTER TABLE `tipos_documentos` ENABLE KEYS */;

-- Volcando estructura para tabla bd_proyecto_nuevo.traslados
DROP TABLE IF EXISTS `traslados`;
CREATE TABLE IF NOT EXISTS `traslados` (
  `id` int(10) unsigned NOT NULL AUTO_INCREMENT,
  `fk_iddifunto` int(11) DEFAULT NULL,
  `fk_idpariente` int(11) DEFAULT NULL,
  `observacion` longtext,
  `id_contrato_anterior` int(11) unsigned DEFAULT '0' COMMENT 'el numero de contrato de la tumba, solo se usa en caso de ser contrato de exhumacion',
  `cementerio` varchar(50) DEFAULT NULL,
  `boveda` varchar(50) DEFAULT NULL,
  `panteon` varchar(50) DEFAULT NULL,
  PRIMARY KEY (`id`),
  KEY `fk_iddifunto` (`fk_iddifunto`),
  KEY `fk_idpariente` (`fk_idpariente`),
  CONSTRAINT `traslados_ibfk_1` FOREIGN KEY (`fk_iddifunto`) REFERENCES `difuntos` (`id`) ON UPDATE CASCADE,
  CONSTRAINT `traslados_ibfk_2` FOREIGN KEY (`fk_idpariente`) REFERENCES `parientes` (`id`) ON UPDATE CASCADE
) ENGINE=InnoDB AUTO_INCREMENT=7 DEFAULT CHARSET=latin1;

-- Volcando datos para la tabla bd_proyecto_nuevo.traslados: ~0 rows (aproximadamente)
/*!40000 ALTER TABLE `traslados` DISABLE KEYS */;
/*!40000 ALTER TABLE `traslados` ENABLE KEYS */;

-- Volcando estructura para tabla bd_proyecto_nuevo.usuarios
DROP TABLE IF EXISTS `usuarios`;
CREATE TABLE IF NOT EXISTS `usuarios` (
  `id` int(11) unsigned NOT NULL AUTO_INCREMENT,
  `estado` int(11) unsigned NOT NULL DEFAULT '1',
  `usuario` varchar(40) NOT NULL,
  `password` varchar(72) DEFAULT NULL,
  `documento` varchar(25) DEFAULT NULL,
  `nombres` varchar(40) DEFAULT NULL,
  `apellidos` varchar(40) DEFAULT NULL,
  `email` varchar(40) DEFAULT NULL,
  `celular1` varchar(25) DEFAULT NULL,
  `celular2` varchar(25) DEFAULT NULL,
  `fk_idrol` int(11) DEFAULT NULL,
  PRIMARY KEY (`id`) USING BTREE,
  KEY `fk_idrol` (`fk_idrol`) USING BTREE,
  CONSTRAINT `usuarios_ibfk_1` FOREIGN KEY (`fk_idrol`) REFERENCES `roles` (`id`)
) ENGINE=InnoDB AUTO_INCREMENT=4 DEFAULT CHARSET=utf8 ROW_FORMAT=COMPACT;

-- Volcando datos para la tabla bd_proyecto_nuevo.usuarios: ~3 rows (aproximadamente)
/*!40000 ALTER TABLE `usuarios` DISABLE KEYS */;
INSERT INTO `usuarios` (`id`, `estado`, `usuario`, `password`, `documento`, `nombres`, `apellidos`, `email`, `celular1`, `celular2`, `fk_idrol`) VALUES
	(1, 1, 'rhernandez', '$2y$09$JqMrprX8uOd10HexLzEpdObuZlUzw2FuZ5Y0Yb.ahU7j2aAenSeRG', '1102389236', 'Ronald Darley', 'Hernandez Jurado', 'rdhernandez0302@gmail.com', '3162560279', '', 1),
	(2, 1, 'admin27', '$2y$09$l1m1ScZFMw7JIPNGPW3nC.OUBIZBnwdiy8YHebXBHGloR.Phbpwr6', '123123', '12', '12', 'rdhernandez0302@gmail.com1', NULL, '', 1),
	(3, 1, 'admin271', '$2y$09$4tiI8iRIGLFxr8ikP6IMcuEJnp4Qc6/jxqvN4z7dXcVbAhirD.s9G', '1250', '12', '12', 'rdhernandez0303@gmail.com', '', '', 1);
/*!40000 ALTER TABLE `usuarios` ENABLE KEYS */;

/*!40101 SET SQL_MODE=IFNULL(@OLD_SQL_MODE, '') */;
/*!40014 SET FOREIGN_KEY_CHECKS=IF(@OLD_FOREIGN_KEY_CHECKS IS NULL, 1, @OLD_FOREIGN_KEY_CHECKS) */;
/*!40101 SET CHARACTER_SET_CLIENT=@OLD_CHARACTER_SET_CLIENT */;
